GEO2010,NumOccupiedHsgUnits_1980,NumOccupiedHsgUnits_1990,NumOccupiedHsgUnits_2000,NumOccupiedHsgUnits_2010,PctSameHouse5YearsAgo_1990,PctSameHouse5YearsAgo_2000,PctVacantHsgUnitsForRent_1980,PctVacantHsgUnitsForRent_1990,PctVacantHsgUnitsForRent_2000,PctVacantHsgUnitsForRent_2010_14,PctOwnerOccupiedHsgUnits_1980,PctOwnerOccupiedHsgUnits_1990,PctOwnerOccupiedHsgUnits_2000,PctOwnerOccupiedHsgUnits_2010_14,sales_sf_1995,sales_sf_1996,sales_sf_1997,sales_sf_1998,sales_sf_1999,sales_sf_2000,sales_sf_2001,sales_sf_2002,sales_sf_2003,sales_sf_2004,sales_sf_2005,sales_sf_2006,sales_sf_2007,sales_sf_2008,sales_sf_2009,sales_sf_2010,sales_sf_2011,sales_sf_2012,sales_sf_2013,sales_sf_2014,sales_sf_2015,r_mprice_sf_1995,r_mprice_sf_1996,r_mprice_sf_1997,r_mprice_sf_1998,r_mprice_sf_1999,r_mprice_sf_2000,r_mprice_sf_2001,r_mprice_sf_2002,r_mprice_sf_2003,r_mprice_sf_2004,r_mprice_sf_2005,r_mprice_sf_2006,r_mprice_sf_2007,r_mprice_sf_2008,r_mprice_sf_2009,r_mprice_sf_2010,r_mprice_sf_2011,r_mprice_sf_2012,r_mprice_sf_2013,r_mprice_sf_2014,r_mprice_sf_2015,PctAnnChgRMPriceSf_10yr,PctAnnChgRMPriceSf_5yr,PctAnnChgRMPriceSf_1yr,NumMrtgOrigHomePurchPerUnit_1997,NumMrtgOrigHomePurchPerUnit_1998,NumMrtgOrigHomePurchPerUnit_1999,NumMrtgOrigHomePurchPerUnit_2000,NumMrtgOrigHomePurchPerUnit_2001,NumMrtgOrigHomePurchPerUnit_2002,NumMrtgOrigHomePurchPerUnit_2003,NumMrtgOrigHomePurchPerUnit_2004,NumMrtgOrigHomePurchPerUnit_2005,NumMrtgOrigHomePurchPerUnit_2006,MedianMrtgInc1_4m_adj_1997,MedianMrtgInc1_4m_adj_1998,MedianMrtgInc1_4m_adj_1999,MedianMrtgInc1_4m_adj_2000,MedianMrtgInc1_4m_adj_2001,MedianMrtgInc1_4m_adj_2002,MedianMrtgInc1_4m_adj_2003,MedianMrtgInc1_4m_adj_2004,MedianMrtgInc1_4m_adj_2005,MedianMrtgInc1_4m_adj_2006,PctSubprimeConvOrigHomePur_1997,PctSubprimeConvOrigHomePur_1998,PctSubprimeConvOrigHomePur_1999,PctSubprimeConvOrigHomePur_2000,PctSubprimeConvOrigHomePur_2001,PctSubprimeConvOrigHomePur_2002,PctSubprimeConvOrigHomePur_2003,PctSubprimeConvOrigHomePur_2004,PctSubprimeConvOrigHomePur_2005,PctSubprimeConvOrigHomePur_2006,,,,,,,,
Tract 1,2547,2605,2724,2686,s,44,s,s,4.3,8.6,s,s,53,54,56,62,79,98,96,81,72,86,69,71,60,55,53,51,46,48,59,60,55,37,52,608000,538000,551000,639000,719000,700000,982000,1019000,1086000,1108000,1556000,1454000,1640000,1412000,1432000,1511000,1131000,1265000,1291000,1307000,1733000,1.1,2.8,33,70,100,102,95,86,102,80,91,94,69,143535,159166,159603,193798,198161,233375,162647,186923,220484,256313,0.7,1.1,1.5,3.1,2.3,0,1.8,2.2,3.2,0.7,,,,,,,,
Tract 2.01,813,15,30,2,s,1.6,s,s,0,i,s,s,67,100,0,0,0,0,0,0,0,0,0,0,0,0,0,0,0,0,0,0,0,0,0,i,i,i,i,i,i,i,i,i,i,i,i,i,i,i,i,i,i,i,i,i,i,i,i,350,250,0,100,150,100,50,50,0,0,193169,140013,0,75018,136768,120876,282000,153869,i,i,17,0,i,0,0,0,0,0,i,i,,,,,,,,
Tract 2.02,806,1745,1914,1933,s,32,s,s,2.9,6.2,s,s,56,66,38,46,78,103,82,62,63,85,78,56,71,42,37,38,29,44,40,42,60,46,43,507000,532000,572000,642000,644000,861000,894000,992000,1073000,1133000,1267000,1503000,1470000,1378000,1191000,1251000,1234000,1360000,1302000,1282000,1400000,1,2.3,9.2,79,94,99,77,88,86,85,107,100,60,157621,146617,155080,180044,197554,180716,172008,229094,217728,213594,2.3,2,0,2.3,4.1,0,0.7,2.2,0.6,4,,,,,,,,
Tract 3,2463,2639,2778,2754,s,27,s,s,0.9,5.1,s,s,47,53,73,80,108,160,138,106,90,77,102,90,80,83,74,61,49,58,61,63,71,53,72,383000,336000,353000,378000,431000,473000,566000,652000,716000,804000,911000,860000,860000,815000,840000,829000,802000,812000,898000,883000,890000,-0.2,1.4,0.8,72,108,96,76,74,72,73,87,81,62,126096,121521,115018,136284,144670,150197,154457,172106,151032,161264,2.6,0.4,1,1.2,1.2,3.2,0,1,3.9,0.7,,,,,,,,
Tract 4,569,486,670,636,s,47,s,s,0,7.4,s,s,67,73,8,5,7,16,7,10,8,9,11,14,6,10,7,6,4,12,10,11,11,11,6,i,i,i,948000,i,1007000,i,i,1738000,2053000,i,2209000,i,i,i,1511000,1537000,1511000,1894000,1771000,i,i,i,i,42,76,76,77,59,57,54,63,54,149,194510,220587,197727,145036,182357,312363,122863,338512,243084,295828,0,0,0,2.5,0,0,10,0,3.4,1.2,,,,,,,,
Tract 5.01,1750,1850,1772,2027,s,25,s,s,1.1,5.4,s,s,18,18,3,7,5,14,7,9,4,5,4,3,5,9,5,5,6,3,9,7,7,3,4,i,i,i,573000,i,i,i,i,i,i,i,i,i,i,i,i,i,i,i,i,i,i,i,i,78,188,95,118,98,98,138,120,90,133,107316,122842,131818,123155,174455,138828,108822,137912,125676,186895,3.4,0,0,2.2,5.1,5.4,1.8,0,0,0,,,,,,,,
Tract 5.02,1801,1807,1720,1643,s,47,s,s,0.6,4.3,s,s,49,52,20,17,31,29,35,40,25,24,31,36,24,24,19,15,27,20,21,11,20,14,19,592000,606000,590000,667000,794000,853000,1019000,1020000,1098000,1235000,1355000,1301000,1432000,1086000,1290000,1299000,1171000,1204000,1374000,1366000,1300000,-0.4,0,-4.9,58,75,75,83,73,65,72,68,74,69,155608,116237,139572,198799,164121,143615,193071,188062,159300,218934,0,2.5,1.4,1.1,0,0,0,0,0,0,,,,,,,,
Tract 6,2015,2134,2167,2108,s,53,s,s,0,0,s,s,62,69,26,37,47,58,47,45,40,30,42,30,29,27,31,29,39,36,27,39,29,28,47,559000,479000,522000,699000,815000,741000,819000,1082000,961000,1139000,1409000,1436000,1126000,1021000,1131000,1176000,1203000,1295000,1358000,1173000,1425000,0.1,3.9,21,48,81,84,70,75,76,79,91,85,64,146218,133409,119541,145036,158043,179519,139245,108278,133393,118545,0,0,0.8,1.9,0,1.8,0.8,1.5,0,1,,,,,,,,
Tract 7.01,3646,2950,2915,2974,s,43,s,s,0.5,6.6,s,s,49,47,16,12,14,24,12,15,14,22,12,18,9,9,8,13,10,5,8,8,12,10,8,588000,642000,485000,490000,641000,727000,782000,896000,967000,1089000,i,i,i,1168000,923000,i,i,i,1169000,1300000,i,i,i,i,69,77,75,80,87,77,195,120,90,75,100609,115577,104679,115028,93610,120876,78398,95741,105833,116409,0,0,0.9,0.8,3.9,0.9,0.3,0,0,1.8,,,,,,,,
Tract 7.02,2144,2291,2302,2293,s,27,s,s,1.9,5,s,s,21,24,3,2,0,3,1,1,0,1,4,1,1,3,0,1,1,0,2,2,3,0,1,i,i,i,i,i,i,i,i,i,i,i,i,i,i,i,i,i,i,i,i,i,i,i,i,31,58,82,120,125,91,168,150,98,201,65731,77932,65909,67517,72943,93948,73718,86623,83784,105729,0,0,0,1.4,0,5,0,2,3,0,,,,,,,,
Tract 8.01,1856,3077,3280,3207,s,41,s,s,4.1,0,s,s,60,72,39,42,57,74,77,44,64,53,69,45,52,47,46,27,27,31,46,62,62,43,51,575000,522000,601000,571000,667000,695000,843000,1195000,989000,1120000,1556000,1291000,1446000,1244000,1476000,1380000,1131000,1217000,1147000,1381000,1275000,-2,-1.6,-7.7,51,85,95,88,88,90,94,97,85,67,164999,161147,132464,156288,157435,144812,153871,136773,183002,176215,0.9,0.5,1.5,4.8,0,0.5,0.5,0.9,1.1,2,,,,,,,,
Tract 8.02,1194,1250,1348,1336,s,34,s,s,1,1.6,s,s,56,64,37,58,55,61,75,50,50,46,43,53,39,31,29,27,36,40,45,41,33,38,33,398000,450000,451000,461000,481000,538000,598000,735000,831000,871000,966000,855000,970000,849000,874000,844000,858000,805000,876000,915000,980000,0.1,3,7.1,69,95,111,117,98,91,99,97,92,83,170364,156524,129233,150037,177494,146607,152116,159568,158749,179419,4.5,3.2,1.9,1.8,2.1,1.1,1,2.1,2.2,2.4,,,,,,,,
Tract 9.01,1222,1308,1463,1558,s,40,s,s,0,11,s,s,89,83,50,61,87,81,75,59,67,77,63,62,69,41,54,39,42,46,56,43,54,47,51,800000,628000,730000,759000,864000,929000,1006000,1097000,1067000,1350000,1294000,1506000,1492000,1320000,1290000,1367000,1335000,1305000,1259000,1371000,1375000,0.6,0.1,0.3,69,66,62,68,63,69,54,61,79,39,222681,231154,259113,255063,294811,268082,230515,299190,246943,335877,1,1,0,3,1.1,1.9,0,1.1,2.6,0,,,,,,,,
Tract 9.02,785,789,839,833,s,62,s,s,5.5,0,s,s,82,87,18,26,36,48,51,29,28,42,49,40,42,27,28,17,23,28,28,46,52,52,57,367000,460000,411000,468000,564000,621000,659000,779000,933000,927000,1064000,1084000,974000,1102000,922000,1195000,822000,1009000,877000,930000,290000,-12,-25,-69,52,81,97,69,48,70,76,91,91,54,140852,170393,178988,198799,191475,203455,198921,163557,240328,243497,0,3.1,1.3,3.6,2.6,1.8,0,2.7,0,0,,,,,,,,
Tract 10.01,2581,2498,2548,2727,s,56,s,s,4.9,0,s,s,78,73,99,91,108,140,145,116,98,104,113,99,97,75,91,101,74,81,75,69,77,60,90,443000,416000,417000,450000,515000,579000,618000,732000,767000,895000,968000,918000,993000,874000,853000,872000,848000,857000,887000,920000,987000,0.2,2.5,7.3,66,84,84,70,65,67,64,65,119,63,139511,141334,170588,181295,164121,179519,175519,195471,164261,192235,0,0.5,1,4.8,1.9,0.6,0.7,1.9,1.4,2,,,,,,,,
Tract 10.02,1192,2215,2281,2089,s,29,s,s,2.7,7.4,s,s,30,40,7,1,2,6,4,1,6,7,4,1,3,2,6,0,3,0,4,1,1,3,1,i,i,i,i,i,i,i,i,i,i,i,i,i,i,i,i,i,i,i,i,i,i,i,i,89,119,173,125,168,139,137,138,210,294,88536,81894,84648,95649,116709,113097,111162,128794,125125,120681,2.1,0,2.6,4.7,4,1.9,1.9,0.9,4.3,0.4,,,,,,,,
Tract 11,1755,1847,1854,2118,s,59,s,s,0.4,0,s,s,76,73,60,50,62,97,82,31,41,60,61,64,51,38,56,42,48,51,47,67,48,54,39,434000,479000,416000,480000,529000,512000,585000,686000,843000,928000,965000,883000,979000,928000,910000,818000,889000,868000,916000,1026000,1125000,1.5,6.6,9.7,66,112,86,74,106,86,65,78,67,61,134816,150580,146034,170042,141631,178322,141000,179514,183002,159128,2.8,1.7,0,2.6,0.6,3.7,0,3.2,0.9,0,,,,,,,,
Tract 12,2500,2483,2567,2516,s,46,s,s,1.5,5.2,s,s,49,54,56,50,50,75,47,47,41,42,56,51,43,29,40,29,30,37,37,36,33,27,33,444000,407000,450000,472000,543000,594000,677000,756000,831000,912000,969000,1021000,969000,896000,933000,872000,821000,872000,917000,931000,1105000,1.3,4.9,19,59,102,77,90,81,85,92,83,80,61,123414,134729,138280,140034,151356,131647,150946,161848,148276,153788,0,0,0,5.7,2.7,0.8,1.5,0,0,3.5,,,,,,,,
Tract 13.01,1886,2024,2048,2030,s,43,s,s,4.6,2.8,s,s,31,33,14,13,21,22,22,17,17,20,24,19,15,17,10,10,10,10,18,16,19,14,7,551000,632000,608000,764000,724000,862000,1052000,966000,1121000,1223000,1458000,1169000,1084000,1513000,1144000,1330000,1045000,1207000,1177000,1065000,i,i,i,i,69,85,82,81,84,69,87,69,54,66,159633,141994,157665,177544,200593,179519,194241,220546,220484,193303,0,1.8,0,1.8,0,2.1,1.7,0,0,0,,,,,,,,
Tract 13.02,4345,4627,4648,4795,s,43,s,s,3.1,8.5,s,s,33,31,6,1,6,9,6,4,11,3,3,3,6,4,6,4,3,4,4,6,6,5,2,i,i,i,i,i,i,1118000,i,i,i,i,i,i,i,i,i,i,i,i,i,i,i,i,i,61,81,117,104,135,97,101,120,175,93,84759,85753,98275,101133,99374,110683,93610,102580,115754,108933,0,1.1,0.7,0.8,0.5,0,0,0.5,1.1,1.4,,,,,,,,
Tract 14.01,1430,1409,1460,1415,s,60,s,s,3.1,5.1,s,s,53,53,27,25,38,46,46,23,30,26,41,23,26,31,31,19,22,21,19,25,31,23,34,435000,447000,463000,438000,538000,598000,717000,701000,868000,1013000,970000,1070000,999000,951000,972000,901000,869000,920000,972000,978000,1080000,1.1,3.7,10,69,88,97,49,68,58,67,39,48,52,166340,153222,168650,159414,217613,188495,192486,214277,188514,256313,1.7,0,1.2,0,1.8,0,3.6,3,0,0,,,,,,,,
Tract 14.02,1331,1199,1232,1472,s,62,s,s,0,10,s,s,68,58,28,39,42,58,55,48,29,45,46,41,39,30,31,35,36,34,29,41,33,22,30,392000,336000,399000,428000,453000,508000,614000,641000,732000,808000,849000,849000,873000,864000,782000,826000,750000,791000,808000,825000,829000,-0.2,0.1,0.5,63,85,98,82,65,73,78,61,62,53,120731,130767,135695,160039,166553,160969,174349,170966,174183,163400,1.6,0,1.1,5.1,0,2.9,0,6.8,0,0,,,,,,,,
Tract 15,2186,2231,2222,2081,s,67,s,s,5.3,0,s,s,88,94,76,88,114,133,126,66,88,98,92,73,79,78,91,59,60,79,63,70,74,62,68,460000,438000,465000,497000,529000,578000,639000,756000,867000,890000,989000,990000,969000,1005000,884000,900000,864000,860000,884000,927000,958000,-0.3,1.3,3.3,102,87,87,55,73,65,59,48,50,60,150243,166431,168004,184420,195730,192684,190145,183503,234816,228546,0.5,0.5,0,3.4,1.9,2.9,3.2,1,6.5,4.7,,,,,,,,
Tract 16,1696,1624,1633,1620,s,75,s,s,10,41,s,s,90,91,44,42,49,74,70,65,38,56,52,57,37,42,25,30,24,32,33,39,46,39,43,379000,387000,342000,350000,407000,444000,555000,574000,696000,759000,797000,828000,740000,727000,730000,671000,627000,719000,738000,712000,810000,0.2,3.8,14,30,57,61,58,35,51,42,45,39,41,144877,129446,154434,148787,169592,172338,145096,184073,192373,216798,0,5.6,7.2,8.6,1.8,0,7.4,12,11,15,,,,,,,,
Tract 17.02,1079,1078,983,1230,s,67,s,s,9.1,0,s,s,72,57,24,32,22,31,42,33,18,35,25,26,28,25,22,9,15,17,18,22,34,16,22,179000,198000,207000,200000,181000,249000,293000,281000,422000,429000,510000,528000,494000,i,384000,421000,501000,410000,429000,417000,428000,-1.7,0.3,2.7,20,33,55,77,52,52,44,44,121,59,76463,70006,67848,82520,100904,89161,99461,87762,109691,111069,8.3,5.6,3.2,5.4,0,4.8,2.6,2.6,7.6,7.8,,,,,,,,
Tract 18.03,1580,1503,1506,1543,s,45,s,s,1.9,3.3,s,s,20,22,12,2,9,13,4,6,6,8,10,11,9,9,8,2,5,4,5,3,8,9,6,285000,i,i,254000,i,i,i,i,574000,572000,i,i,i,i,i,i,i,i,i,i,i,i,i,i,32,39,22,32,49,59,51,95,51,61,99267,66044,96925,75018,110630,71209,98291,85483,99218,122817,0,0,0,0,0,0,0,7.9,29,8,,,,,,,,
Tract 18.04,1890,1922,1774,1812,s,53,s,s,9.8,5.5,s,s,33,26,18,18,19,25,21,25,24,23,32,24,25,21,16,9,10,7,14,22,18,17,20,224000,219000,222000,223000,237000,269000,273000,294000,404000,523000,564000,557000,556000,i,482000,i,402000,433000,484000,564000,580000,0.3,i,2.7,26,29,33,49,32,44,55,48,50,55,75792,72648,91756,92523,93610,82579,93610,123095,116857,127089,0,6.3,5.3,3.4,10,0,11,2.8,11,21,,,,,,,,
Tract 19.01,1537,1488,1511,1503,s,64,s,s,2.5,0,s,s,79,72,32,36,48,61,62,43,46,55,46,70,52,63,36,29,20,30,41,44,63,46,62,163000,171000,155000,163000,169000,168000,204000,255000,272000,348000,432000,459000,442000,368000,409000,311000,320000,360000,356000,451000,480000,1.1,9,6.5,21,35,40,31,34,45,39,54,58,69,50975,54816,56863,71268,65041,74201,70793,82064,102525,108933,5.9,11,17,17,2.9,1.8,2,3.8,15,19,,,,,,,,
Tract 19.02,868,915,816,807,s,75,s,s,6.9,24,s,s,84,82,15,15,24,27,31,27,21,32,31,33,25,25,16,20,8,14,12,20,27,29,22,209000,183000,190000,185000,192000,222000,250000,272000,313000,392000,498000,473000,510000,434000,i,446000,399000,369000,434000,577000,522000,0.5,3.2,-9.5,26,32,38,40,38,54,42,62,46,53,59695,70006,76248,86271,82669,87366,83079,104289,114652,105195,0,20,15,14,11,5.7,6.9,4.3,26,2.5,,,,,,,,
Tract 20.01,1054,1035,1046,915,s,48,s,s,6.1,6.8,s,s,31,49,21,14,23,22,15,9,15,15,14,24,16,16,9,6,8,5,5,11,9,9,11,360000,256000,310000,313000,286000,i,526000,570000,741000,724000,941000,935000,i,i,i,i,i,731000,i,i,1015000,0.8,i,i,36,52,24,39,51,49,52,69,80,90,128779,117558,111787,136284,131297,134041,126959,175525,175285,139904,5.3,15,0,8.7,7.1,11,6.7,4.9,19,17,,,,,,,,
Tract 20.02,1408,1330,1260,1334,s,68,s,s,14,9.2,s,s,70,66,43,30,43,51,60,25,32,33,30,42,51,35,35,20,26,17,34,31,43,32,33,195000,210000,200000,197000,237000,256000,291000,443000,518000,609000,695000,627000,652000,654000,564000,578000,483000,569000,638000,701000,700000,0.1,3.9,-0.2,36,39,63,44,42,49,58,75,108,72,85853,79253,89171,72518,114277,95743,133394,124235,145520,143642,0,17,8.2,8.1,8.1,0,8.6,7.9,18,14,,,,,,,,
Tract 21.01,2124,2043,1938,1983,s,59,s,s,7.7,6.2,s,s,43,49,28,41,37,61,55,43,50,44,49,70,64,71,30,21,20,18,23,35,43,39,40,139000,131000,139000,143000,135000,140000,180000,207000,281000,343000,427000,471000,448000,391000,400000,379000,369000,393000,458000,513000,559000,2.7,8.1,8.9,20,29,35,41,46,43,59,109,140,142,41585,56137,52986,63141,56531,69414,73133,70666,85989,98253,18,29,39,10,10,0,14,10,15,18,,,,,,,,
Tract 21.02,2210,2121,2000,1900,s,66,s,s,8.8,12,s,s,58,53,35,46,44,53,56,47,42,45,37,55,53,49,36,18,20,22,28,43,58,48,38,177000,172000,178000,173000,182000,189000,208000,244000,300000,373000,478000,488000,461000,406000,359000,355000,349000,353000,436000,506000,565000,1.7,9.7,12,22,24,32,26,31,32,35,56,63,60,52987,58119,58155,70017,69296,76595,85419,84913,97013,110001,7.1,0,8.3,3.4,15,4.9,9.1,12,27,25,,,,,,,,
Tract 22.01,1156,1122,1135,1110,s,65,s,s,4.2,12,s,s,80,75,29,27,49,63,58,45,44,43,54,78,59,44,32,18,20,27,47,30,48,45,36,152000,144000,148000,154000,163000,166000,203000,236000,297000,357000,440000,453000,452000,429000,354000,406000,394000,420000,555000,581000,635000,3.7,9.3,9.3,32,46,34,45,56,45,59,94,73,91,50304,56798,55570,55014,64433,77792,77228,87762,101423,114273,27,27,14,10,7.7,11,5.1,14,21,18,,,,,,,,
Tract 22.02,1446,1361,1259,1272,s,61,s,s,11,11,s,s,47,51,21,23,22,23,31,25,29,22,18,38,46,27,18,8,8,11,27,19,28,31,29,171000,164000,154000,141000,174000,184000,210000,227000,311000,347000,454000,480000,445000,i,i,384000,360000,405000,494000,551000,551000,1.9,7.5,-0.1,20,18,24,36,35,35,42,64,82,67,52317,60760,54278,75644,68080,65824,78398,82064,102525,99321,17,38,10,9.5,0,6.1,2.1,13,28,11,,,,,,,,
Tract 23.01,1127,1100,1029,1069,s,67,s,s,14,12,s,s,74,71,21,35,50,47,37,40,40,45,38,63,54,33,36,18,17,35,29,28,60,33,26,149000,154000,155000,144000,148000,162000,185000,225000,307000,380000,456000,500000,471000,398000,358000,438000,451000,443000,568000,673000,658000,3.7,8.5,-2.2,37,29,33,33,36,45,60,81,91,73,51646,63402,56863,56264,58354,78988,77228,82064,128983,113205,40,40,21,18,0,0,0,7.9,9.2,15,,,,,,,,
Tract 23.02,76,498,586,1216,s,23,s,s,0,23,s,s,27,23,0,0,0,0,0,0,0,0,0,0,0,0,0,0,0,0,0,0,0,0,0,i,i,i,i,i,i,i,i,i,i,i,i,i,i,i,i,i,i,i,i,i,i,i,i,43,71,76,100,118,100,100,57,166,95,48292,60760,59447,71268,71727,94547,70208,77505,97013,100923,20,0,0,6.3,5.9,0,0,0,24,15,,,,,,,,
Tract 24,1356,1292,1252,1275,s,66,s,s,6.1,6.7,s,s,63,62,31,45,39,67,46,46,43,43,42,65,46,40,21,21,22,23,25,43,42,30,23,150000,143000,136000,152000,147000,176000,191000,229000,308000,373000,495000,494000,471000,467000,476000,422000,469000,505000,598000,690000,725000,3.9,11,5,24,38,31,45,46,47,57,71,64,78,61036,54156,58155,62515,65649,83775,92440,93461,134495,111069,7.1,0,6.7,8.7,7.4,2.2,5.4,7.6,15,8,,,,,,,,
Tract 25.01,883,795,886,1004,s,57,s,s,11,0,s,s,60,48,27,23,27,42,46,27,28,20,21,19,30,21,19,4,14,18,9,20,17,12,12,218000,174000,208000,196000,191000,312000,298000,386000,505000,647000,594000,622000,596000,i,535000,561000,i,592000,554000,675000,717000,1.9,5,6.3,33,47,59,79,65,56,71,51,96,81,75121,73969,69786,98149,103944,101129,145096,124235,125676,155924,7.1,21,7.4,4.7,3,0,2.2,0,11,23,,,,,,,,
Tract 25.02,1933,1897,1920,2151,s,52,s,s,4.9,5.3,s,s,38,33,37,25,27,46,48,45,49,43,43,68,39,22,24,12,22,22,26,32,20,25,26,171000,161000,165000,156000,170000,200000,210000,300000,320000,439000,542000,598000,593000,475000,481000,553000,470000,480000,533000,665000,738000,3.1,5.9,11,27,42,54,59,51,49,54,113,99,93,52317,54156,54278,70017,72335,90956,99461,98020,114652,115341,18,0,11,4.2,2.3,4.3,1.9,7.4,17,15,,,,,,,,
Tract 26,975,988,963,947,s,67,s,s,0,0,s,s,73,76,18,23,28,37,34,22,31,27,29,22,35,14,23,9,9,11,23,26,26,30,24,410000,378000,357000,383000,479000,542000,526000,679000,716000,917000,1174000,1041000,999000,i,i,930000,781000,892000,892000,784000,916000,-2.4,-0.3,17,57,60,46,50,64,68,61,40,51,35,160974,134729,193204,187546,171416,172338,193071,203449,281118,220536,0,6.5,3,5.3,0,1.9,0,3.2,2.6,0,,,,,,,,
Tract 27.01,2232,2120,2650,2655,s,44,s,s,2.7,3.8,s,s,22,25,20,21,33,48,31,34,29,35,22,17,27,24,10,15,16,24,14,14,20,15,15,270000,301000,301000,304000,362000,477000,493000,629000,645000,870000,893000,778000,747000,744000,562000,762000,750000,755000,789000,849000,855000,-0.4,2.3,0.7,53,78,84,101,100,73,63,88,84,128,93902,93782,100802,102525,114277,107711,105311,131074,137803,126021,4.4,4.5,1.4,1.1,2.2,0,3.4,0,0,5,,,,,,,,
Tract 27.02,2280,2438,2553,2311,s,39,s,s,2.9,2.5,s,s,32,37,33,43,35,49,42,45,36,39,36,39,36,25,27,20,12,18,22,19,29,24,21,336000,251000,306000,339000,374000,471000,526000,665000,671000,809000,914000,779000,867000,749000,758000,770000,782000,806000,917000,811000,919000,0.1,3.6,13,41,61,74,85,65,68,48,58,71,57,100609,112275,96925,127531,139199,132844,130469,125375,145520,167137,2,3.8,0,1.8,2.3,2.2,1.6,6.5,6.3,0,,,,,,,,
Tract 28.01,1224,1396,1400,1646,s,49,s,s,5.4,2.9,s,s,18,19,10,9,16,16,22,16,18,12,12,21,12,6,7,3,4,4,7,8,7,12,13,158000,i,164000,195000,173000,189000,227000,328000,389000,470000,629000,i,i,i,i,i,i,i,i,647000,710000,1.2,i,9.7,32,36,102,125,70,75,186,138,113,107,65731,73969,59447,52513,71727,69414,76058,86053,101423,89710,13,33,8.6,2,3.8,8,0,6.8,4,15,,,,,,,,
Tract 28.02,1706,1764,1738,1935,s,36,s,s,5.9,1.9,s,s,8.7,15,6,6,10,10,16,13,4,9,4,10,12,3,1,4,3,3,3,1,4,2,2,i,i,225000,214000,214000,256000,i,i,i,625000,716000,i,i,i,i,i,i,i,i,i,i,i,i,i,25,30,61,72,55,294,94,125,260,338,92560,72648,71725,107526,103336,80784,94780,119676,101974,83302,29,0,0,0,10,1.9,12,2.2,8.5,3.3,,,,,,,,
Tract 29,1450,1440,1394,1448,s,62,s,s,12,1.9,s,s,40,44,42,41,26,52,51,37,35,29,45,44,43,27,17,10,9,17,19,16,23,16,13,150000,146000,161000,154000,148000,202000,234000,272000,377000,498000,629000,620000,655000,532000,i,513000,555000,584000,629000,647000,740000,1.6,7.6,14,27,46,41,62,63,66,69,83,105,140,71097,63402,63324,87522,91179,110105,108822,145321,124022,119613,6.3,27,22,9.4,10,9.2,6.1,7.1,14,7.8,,,,,,,,
Tract 30,926,1055,1025,1489,s,46,s,s,4.9,2.7,s,s,24,31,13,15,16,17,17,11,17,8,10,12,8,3,6,5,6,4,5,6,2,1,4,178000,190000,206000,170000,195000,323000,368000,i,639000,604000,i,i,i,i,i,i,i,i,i,i,i,i,i,i,35,27,45,67,82,61,79,99,57,71,76463,76611,78832,86896,108199,94547,105311,117966,135598,185827,0,11,18,5.4,6.5,2.9,2.2,5.1,15,9.5,,,,,,,,
Tract 31,1115,973,915,1009,s,67,s,s,7.5,7,s,s,51,52,26,32,25,54,64,51,43,42,52,65,45,25,29,15,15,27,31,25,40,22,26,109000,113000,107000,112000,131000,151000,171000,190000,237000,311000,442000,462000,471000,402000,384000,395000,364000,452000,452000,543000,600000,3.1,8.7,10,27,50,59,85,85,73,82,102,152,106,63048,53496,43939,61890,66864,71808,80739,86623,99218,108933,14,42,9.1,7.3,1.9,0,3.3,7.9,17,16,,,,,,,,
Tract 32,1740,1662,1554,1669,s,53,s,s,1.8,3.5,s,s,56,52,46,53,60,84,91,59,83,87,80,110,87,50,32,17,32,31,46,51,53,43,37,128000,110000,137000,142000,132000,161000,184000,229000,281000,357000,444000,447000,453000,413000,401000,422000,442000,442000,513000,543000,642000,3.8,8.7,18,35,40,45,50,63,76,71,99,111,94,55000,51514,53632,62515,60786,71808,79569,90042,92603,102525,10,29,24,12,13,7.7,6.9,19,24,10,,,,,,,,
Tract 33.01,1109,1037,1030,1405,s,55,s,s,4.3,8.3,s,s,59,62,27,27,35,65,73,49,49,56,49,44,36,15,18,17,18,14,32,31,29,21,16,128000,187000,153000,163000,201000,222000,249000,336000,394000,482000,599000,565000,516000,465000,524000,428000,494000,616000,645000,705000,874000,3.8,15,24,28,46,59,70,78,79,88,93,99,87,71097,72648,73663,103776,93610,111302,94780,123095,130086,123351,9.1,17,12,5.6,2.9,3.8,6.5,9.1,17,6.4,,,,,,,,
Tract 33.02,811,691,643,887,s,63,s,s,15,7.6,s,s,65,58,29,21,34,60,58,41,48,46,34,31,17,14,18,13,7,9,12,16,19,8,18,159000,146000,146000,177000,142000,201000,252000,305000,377000,479000,600000,564000,607000,451000,i,i,410000,609000,698000,i,784000,2.7,i,i,45,63,69,89,96,96,127,177,121,127,65731,72648,65909,87522,91179,92153,88930,107708,115754,116409,35,35,14,20,17,11,3.5,8.9,20,6.9,,,,,,,,
Tract 34,1065,1187,1058,1025,s,30,s,s,7.1,7.4,s,s,33,45,17,18,20,44,74,50,65,40,32,35,33,19,13,13,9,15,18,23,27,12,21,135000,116000,160000,151000,136000,178000,192000,248000,328000,492000,522000,494000,454000,403000,i,455000,467000,554000,698000,530000,750000,3.7,11,41,28,35,57,65,80,66,86,87,86,77,74451,67365,62032,86271,71727,83775,112332,121386,115754,103593,11,33,12,7.5,0,2,8.7,11,15,9.2,,,,,,,,
Tract 35,1071,905,834,964,s,33,s,s,10,0,s,s,28,43,18,16,19,33,24,30,26,24,31,25,25,15,14,6,7,10,9,17,13,10,10,127000,119000,122000,149000,148000,142000,188000,206000,256000,367000,477000,583000,524000,i,i,384000,i,465000,536000,636000,692000,3.8,12,8.8,43,43,43,84,84,112,105,94,195,137,76463,63402,50401,57514,71119,73004,74888,86053,95911,107865,21,67,10,20,6.5,11,9.1,12,9.9,13,,,,,,,,
Tract 36,1526,1677,1603,1987,s,44,s,s,5.2,7.4,s,s,17,33,12,17,12,24,27,23,15,20,14,16,8,7,11,4,3,4,10,6,4,4,5,162000,167000,159000,165000,209000,283000,272000,413000,438000,497000,i,i,794000,i,i,i,724000,i,i,i,i,i,i,i,28,38,62,74,79,74,238,251,215,184,69755,48872,83356,93148,109414,99334,76058,94601,110242,96117,8.3,14,0,13,5,0,4.4,1.4,7.2,4.7,,,,,,,,
Tract 37,1769,1845,1792,2401,s,32,s,s,3.1,3.7,s,s,8.8,24,4,7,6,4,8,6,2,4,5,8,2,2,2,1,1,1,1,2,1,0,2,i,i,i,i,i,i,i,i,i,i,i,i,i,i,i,i,i,i,i,i,i,i,i,i,28,16,75,96,157,140,182,248,269,577,104633,75290,71725,79395,64433,81980,90100,92322,103076,115341,9.1,25,0,2.6,1.6,0,0,1,2.6,0.8,,,,,,,,
Tract 38,2043,2266,2445,2625,s,42,s,s,3.6,0.8,s,s,22,29,8,10,9,13,13,9,12,13,10,17,9,10,8,6,5,2,7,6,5,5,6,i,269000,i,266000,299000,i,357000,547000,632000,678000,i,726000,i,i,i,i,i,i,i,i,i,i,i,i,58,105,120,99,154,261,148,160,316,213,97926,93782,92402,115028,130081,133442,138075,139052,152134,145244,0,0,2.9,3.6,1.5,0.4,1.5,0.7,2.8,3.7,,,,,,,,
Tract 39,2778,2683,2854,2806,s,36,s,s,1.1,2.3,s,s,26,26,6,11,12,12,16,15,11,5,7,8,9,5,6,2,3,4,3,5,1,4,3,i,343000,379000,463000,407000,559000,644000,i,i,i,i,i,i,i,i,i,i,i,i,i,i,i,i,i,57,94,139,135,133,137,182,181,179,152,77804,79253,76248,77519,86316,90956,77228,79784,85989,104661,0,1.3,0,1.8,1.8,0,1.9,0.6,2.5,0,,,,,,,,
Tract 40.01,1777,1952,2315,2305,s,35,s,s,2.2,6.7,s,s,45,49,11,6,6,12,6,4,5,12,1,5,3,3,3,2,3,5,3,2,7,3,3,541000,i,i,538000,i,i,i,1058000,i,i,i,i,i,i,i,i,i,i,i,i,i,i,i,i,68,152,143,127,118,118,114,104,121,106,118048,110954,103387,106276,116709,130450,117013,131074,137803,128157,0,0,0,2.5,0,1.4,0.7,0,1.3,0.7,,,,,,,,
Tract 40.02,1772,1832,1784,1762,s,35,s,s,2.6,2.4,s,s,36,35,4,1,5,6,7,1,2,2,1,4,2,1,2,1,3,0,0,1,1,0,1,i,i,i,i,i,i,i,i,i,i,i,i,i,i,i,i,i,i,i,i,i,i,i,i,95,129,175,137,156,161,172,187,157,119,99267,97745,99510,93773,96041,101727,109992,116257,122369,106263,1.5,0,0.8,2,0.8,0.8,0,3.4,1.6,2.2,,,,,,,,
Tract 41,1572,1546,1581,1494,s,36,s,s,2.5,22,s,s,46,50,5,9,18,20,13,18,17,12,24,22,17,10,13,7,12,11,12,13,21,13,8,i,i,965000,1089000,1180000,1275000,1663000,1845000,1661000,2358000,2758000,2267000,3328000,i,1723000,2219000,2719000,2141000,2218000,2269000,i,i,i,i,90,119,131,98,106,105,105,100,91,84,189815,155864,168004,187546,190867,179519,197751,200030,183002,253109,0,0,0,1.2,2.2,0,2.2,0,0,0,,,,,,,,
Tract 42.01,1815,2043,2167,2113,s,34,s,s,1,0,s,s,33,39,18,11,12,13,16,15,16,10,15,17,16,14,16,7,3,7,11,7,9,10,5,229000,291000,318000,312000,416000,512000,546000,639000,700000,893000,1018000,768000,860000,i,i,i,804000,i,i,766000,i,i,i,i,124,128,138,151,144,153,172,168,132,108,77804,85857,85294,99399,120964,108908,94780,102010,108589,136700,0.9,0.8,0,0.7,0.7,1.2,1.1,2.8,7.7,1.7,,,,,,,,
Tract 42.02,1857,1726,1912,1787,s,33,s,s,2.4,3.6,s,s,30,34,5,0,3,4,9,10,4,4,8,4,2,3,2,3,0,3,1,3,4,5,3,i,i,i,i,i,741000,i,i,i,i,i,i,i,i,i,i,i,i,i,i,i,i,i,i,78,98,131,127,131,129,147,126,110,107,97926,103028,105325,111277,104551,140025,99461,115117,110242,138836,1.6,0,0,0.9,0.9,0,0,1.9,3.2,0,,,,,,,,
Tract 43,1532,1797,1775,1943,s,47,s,s,4.5,4.4,s,s,24,29,7,11,9,15,15,20,10,10,15,15,6,11,9,8,8,11,6,7,11,4,10,i,313000,i,341000,378000,429000,433000,707000,676000,901000,i,878000,i,i,i,813000,i,i,897000,i,998000,i,4.2,i,60,68,97,130,91,130,106,90,144,114,96585,101708,116310,130032,102120,108908,125788,123665,104730,132428,0,2.2,0,7.4,1.5,1,0,6,3.8,0,,,,,,,,
Tract 44,1145,1046,1124,2493,s,46,s,s,3.5,1,s,s,46,51,31,29,28,63,53,56,126,100,87,66,61,44,39,38,37,33,39,45,30,30,27,147000,153000,135000,182000,218000,213000,403000,504000,552000,634000,751000,775000,738000,711000,681000,706000,686000,726000,758000,843000,900000,1.8,5,6.7,32,65,85,167,266,190,156,135,412,353,63048,73639,80771,81270,95434,118482,118183,136773,141110,134564,13,10,6.8,3.7,3.6,4.4,5.3,8.1,4.9,0.5,,,,,,,,
Tract 46,1031,1163,1081,1268,s,61,s,s,9.1,3.8,s,s,46,44,20,27,46,60,44,36,47,46,46,57,61,47,26,17,16,10,19,28,42,22,23,114000,131000,119000,125000,146000,126000,142000,245000,318000,404000,480000,510000,468000,462000,443000,444000,406000,474000,576000,628000,700000,3.9,9.5,12,29,39,51,51,57,67,66,91,107,88,52317,60760,54278,65016,72943,81980,94195,98020,119062,137768,26,55,22,13,7.8,5.7,6.6,9.9,23,20,,,,,,,,
Tract 47.01,1083,1339,1366,2002,s,53,s,s,6,0,s,s,7,17,5,1,0,1,2,0,2,0,2,0,2,0,1,0,0,0,0,1,0,3,2,i,i,i,i,i,i,i,i,i,i,i,i,i,i,i,i,i,i,i,i,i,i,i,i,8.6,15,15,13,15,19,22,30,176,437,41585,65383,46524,43761,65649,127458,102971,116257,106935,110001,0,17,75,0,0,0,10,0,3.7,1.5,,,,,,,,
Tract 47.02,297,367,374,922,s,53,s,s,6,0.6,s,s,7,31,0,2,1,0,2,0,0,1,0,2,0,0,1,1,0,0,0,1,1,0,0,i,i,i,i,i,i,i,i,i,i,i,i,i,i,i,i,i,i,i,i,i,i,i,i,8.6,15,15,13,15,19,22,30,176,437,41585,65383,46524,43761,65649,127458,102971,116257,106935,110001,0,17,75,0,0,0,10,0,3.7,1.5,,,,,,,,
Tract 48.01,678,889,836,1078,s,53,s,s,4.3,7.1,s,s,38,42,20,20,28,34,32,42,41,56,54,45,34,23,15,17,8,17,16,22,13,15,17,78000,95000,100000,130000,91000,154000,209000,254000,364000,436000,585000,580000,512000,540000,i,551000,450000,523000,648000,739000,830000,3.6,8.5,12,40,63,41,88,88,100,108,162,244,136,53658,70006,67848,83771,85708,102326,97120,108848,131188,135632,17,16,13,7.3,3.8,7.4,3.8,4.2,5.6,14,,,,,,,,
Tract 48.02,1109,1252,1177,1382,s,55,s,s,3.1,1.4,s,s,16,17,6,10,11,13,7,11,9,10,14,15,9,10,9,11,2,2,3,9,7,4,4,i,73000,89000,86000,i,148000,i,287000,374000,498000,i,674000,i,368000,i,i,i,i,i,i,i,i,i,i,7.6,52,31,42,32,50,42,69,46,95,97926,81894,76248,77519,75374,94547,146266,135063,137803,143108,0,6.7,27,11,0,0,14,0,8.3,12,,,,,,,,
Tract 49.01,852,718,844,971,s,54,s,s,8.4,0,s,s,29,25,12,15,19,12,17,14,13,20,18,16,13,11,9,7,6,14,5,11,6,8,10,114000,145000,165000,137000,213000,330000,289000,451000,578000,660000,635000,670000,i,i,i,659000,i,831000,i,i,1006000,4.7,8.8,i,42,23,78,82,40,63,54,78,75,80,54329,68686,76894,128157,87531,129254,111162,120816,151583,131360,0,0,3.2,2.6,0,0,3.6,4.9,15,0,,,,,,,,
Tract 49.02,752,656,1002,1417,s,47,s,s,4.5,5.5,s,s,10,31,4,2,3,5,10,4,5,3,6,9,7,2,0,2,5,1,4,2,0,5,3,i,i,i,i,229000,i,i,i,i,i,i,i,i,i,i,i,i,i,i,i,i,i,i,i,15,55,100,50,45,80,75,602,562,1100,67073,97745,107264,98774,113061,147205,181369,117397,115754,126555,0,0,11,0,13,6.3,6.7,1.7,0,1.8,,,,,,,,
Tract 50.01,449,488,570,952,s,37,s,s,4.3,0,s,s,23,52,1,2,10,6,9,6,4,3,9,4,3,3,3,1,3,4,1,3,4,3,3,i,i,268000,i,i,i,i,i,i,i,i,i,i,i,i,i,i,i,i,i,i,i,i,i,63,81,109,98,113,164,183,301,246,241,81829,92461,87879,98774,106983,124466,111162,108278,126779,119613,1.4,1.1,5,3.9,0.6,0.9,0,0.2,2,6.5,,,,,,,,
Tract 50.02,2398,2609,3044,3475,s,37,s,s,4.3,6.4,s,s,23,22,4,1,2,2,2,4,1,1,1,1,1,1,0,1,0,0,2,1,0,2,2,i,i,i,i,i,i,i,i,i,i,i,i,i,i,i,i,i,i,i,i,i,i,i,i,63,81,109,98,113,164,183,301,246,241,81829,92461,87879,98774,106983,124466,111162,108278,126779,119613,1.4,1.1,5,3.9,0.6,0.9,0,0.2,2,6.5,,,,,,,,
Tract 52.01,2505,2567,3039,4200,s,30,s,s,4.7,5.7,s,s,24,36,4,5,7,8,4,6,4,2,4,6,1,1,1,6,2,0,5,7,4,1,2,i,i,i,i,i,i,i,i,i,i,i,i,i,i,i,i,i,i,i,i,i,i,i,i,92,111,102,114,110,184,178,310,251,316,87194,92461,102094,109402,114277,61934,121108,124235,128983,122283,0,1.7,0.9,1.6,0.8,0.9,1,1.1,1,0,,,,,,,,
Tract 53.01,3010,3374,3692,3608,s,29,s,s,2.6,4.7,s,s,33,38,3,1,8,3,6,1,1,2,4,5,2,4,1,1,1,2,2,2,4,1,2,i,i,i,i,i,i,i,i,i,i,i,i,i,i,i,i,i,i,i,i,i,i,i,i,87,126,145,181,155,164,191,188,168,143,81829,85197,86586,87522,93610,94547,91270,91182,104730,100923,0,0,0,2.2,2.5,1.6,0,0.3,1.9,0,,,,,,,,
Tract 55,2568,2749,3273,4185,s,33,s,s,2.6,5.4,s,s,34,36,4,8,6,13,11,7,9,5,5,5,6,5,5,7,3,8,3,7,6,6,1,i,i,i,419000,787000,i,i,i,i,i,i,i,i,i,i,i,i,i,i,i,i,i,i,i,83,134,142,142,151,133,151,148,316,267,97591,94773,94340,137221,133121,113097,114087,136773,148827,177817,0,1.1,0,2,0.9,0,3.2,0.5,1.3,0.5,,,,,,,,
Tract 56,3759,3453,3556,3347,s,31,s,s,3.5,11,s,s,35,32,3,5,8,12,11,7,6,10,14,13,7,12,2,2,5,6,4,6,5,2,9,i,i,i,390000,383000,i,i,581000,736000,631000,i,759000,i,i,i,i,i,i,i,i,i,i,i,i,37,71,92,81,100,101,101,106,110,68,118048,142655,85294,97524,128866,120876,128714,117397,135598,119079,0,0,0,0.9,0.7,1.5,0,0,0.7,1.1,,,,,,,,
Tract 58,465,256,864,1810,s,46,s,s,7.3,7.1,s,s,19,36,0,0,0,0,2,1,0,0,0,0,0,0,0,0,0,0,0,1,3,0,1,i,i,i,i,i,i,i,i,i,i,i,i,i,i,i,i,i,i,i,i,i,i,i,i,123,132,132,123,142,156,566,693,3500,943,116706,97745,109202,113778,108199,157977,124033,126515,122369,154322,0,0,0,0,0,0,0.8,0.7,4.3,2,,,,,,,,
Tract 59,600,660,662,1523,s,41,s,s,5.2,10,s,s,1.5,11,0,0,0,0,0,0,0,0,0,0,0,0,0,0,0,0,0,0,0,0,0,i,i,i,i,i,i,i,i,i,i,i,i,i,i,i,i,i,i,i,i,i,i,i,i,190,48,238,95,238,95,0,9476,6524,714,103963,39626,95633,212552,88139,116089,0,105999,117959,161264,0,0,0,0,0,0,i,2,4.4,0,,,,,,,,
Tract 62.02,2,2,0,8,s,i,s,s,i,i,s,s,i,i,0,0,0,0,0,0,0,0,0,0,0,0,0,0,0,0,0,0,0,0,0,i,i,i,i,i,i,i,i,i,i,i,i,i,i,i,i,i,i,i,i,i,i,i,i,i,i,i,i,i,i,i,i,i,i,91889,109633,100802,118779,118532,94547,135149,158428,152134,i,0,0,0,0,0,0,0,0,7.7,i,,,,,,,,
Tract 64,1140,944,986,977,s,58,s,s,3.1,13,s,s,14,15,5,3,3,5,4,8,17,6,10,10,8,10,3,6,2,3,7,1,4,5,5,i,i,i,i,i,i,165000,i,227000,252000,i,445000,i,i,i,i,i,i,i,i,i,i,i,i,6.1,9.2,9.2,12,29,26,46,44,61,25,41313,47783,56226,43844,59430,56165,50909,66107,85989,118892,0,0,0,0,11,0,3.7,7.7,15,6.2,,,,,,,,
Tract 65,1545,1372,1400,1320,s,35,s,s,5.1,10,s,s,42,46,20,25,27,37,27,19,32,24,31,27,23,14,12,8,17,25,16,14,21,19,22,324000,281000,308000,327000,371000,373000,504000,574000,627000,747000,847000,855000,864000,i,851000,781000,673000,803000,762000,902000,850000,0,1.7,-5.8,47,76,62,57,88,62,61,66,91,42,116706,126804,130526,144411,121571,143615,146266,155009,132291,182623,0,2.4,0,3.1,5,2.8,1.4,1.3,0,0,,,,,,,,
Tract 66,1062,975,1050,1016,s,42,s,s,4.7,7.3,s,s,46,60,16,22,22,23,18,13,18,23,12,18,26,14,9,7,12,11,12,10,19,12,11,375000,349000,339000,334000,439000,465000,645000,647000,743000,843000,987000,840000,i,i,908000,947000,806000,934000,934000,1041000,1250000,2.4,5.7,20,36,69,58,47,45,71,45,67,58,34,120731,109633,109848,173793,156827,149599,154457,153869,223792,155924,0,1.5,1.9,6.5,6.7,1.4,0,1.5,0,0,,,,,,,,
Tract 67,1667,1667,1877,1866,s,44,s,s,2.8,7.9,s,s,58,61,40,40,59,75,58,39,54,55,49,72,60,42,32,31,32,38,42,38,40,34,45,254000,294000,298000,271000,337000,424000,458000,555000,607000,862000,818000,803000,874000,771000,825000,707000,661000,756000,816000,816000,850000,0.4,3.8,4.2,51,79,78,67,61,86,70,101,78,73,107316,106331,135695,145036,124611,149599,140415,177804,167017,184759,3.6,1.6,0,5.3,4.7,2,1.6,1.7,2.2,5.4,,,,,,,,
Tract 68.01,909,893,926,880,s,62,s,s,7,6.6,s,s,51,56,15,21,21,37,44,31,26,34,38,38,48,25,29,18,25,21,32,27,33,30,24,135000,123000,131000,120000,136000,159000,202000,238000,366000,386000,495000,494000,522000,415000,439000,481000,411000,484000,563000,614000,659000,2.9,6.5,7.4,16,26,40,43,41,57,84,69,91,77,52317,60760,63324,68142,72943,80185,90100,102580,110242,98253,80,42,18,18,9.1,2.1,2.7,8.5,19,13,,,,,,,,
Tract 68.02,865,859,856,921,s,60,s,s,13,0,s,s,58,71,30,29,25,52,54,52,39,49,52,43,39,39,36,36,33,26,39,38,33,38,33,135000,136000,135000,160000,168000,180000,217000,314000,375000,448000,600000,535000,544000,505000,532000,517000,463000,576000,663000,608000,680000,1.3,5.7,12,33,43,68,81,65,90,100,74,87,118,44268,52835,59447,67517,82669,94547,92440,112837,125676,146312,7.7,25,13,0,2.2,4.5,0,5.1,8.5,6.3,,,,,,,,
Tract 68.04,51,14,175,12,s,8.7,s,s,0,i,s,s,32,i,1,2,0,0,0,0,0,0,1,0,0,1,0,1,0,0,0,0,0,1,1,i,i,i,i,i,i,i,i,i,i,i,i,i,i,i,i,i,i,i,i,i,i,i,i,6,6,0,6,6,12,18,12,18,6,36219,48872,0,47512,108199,0,73718,63827,144968,i,i,i,i,i,0,100,0,0,0,0,,,,,,,,
Tract 69,1044,948,915,1114,s,53,s,s,8.1,6.1,s,s,58,58,26,37,31,40,46,60,47,49,43,44,52,43,37,36,31,32,28,38,38,32,22,157000,171000,174000,194000,219000,245000,345000,414000,475000,566000,623000,650000,652000,591000,609000,654000,586000,603000,673000,741000,705000,1.3,1.5,-4.8,38,83,91,109,100,111,95,91,132,102,70426,62081,81417,85021,106375,126860,111162,129934,149929,144176,9.1,5.7,0,3.6,3.9,0,1.3,0,3.7,8.3,,,,,,,,
Tract 70,1138,909,1022,1195,s,33,s,s,7.2,15,s,s,55,50,13,34,43,50,52,33,37,30,25,39,24,25,24,21,21,18,24,27,22,23,26,197000,232000,218000,245000,278000,335000,394000,498000,491000,680000,797000,715000,743000,705000,657000,681000,728000,699000,725000,748000,821000,0.3,3.8,9.7,71,72,92,76,65,69,57,82,63,81,84511,87178,98217,112528,119140,154985,124618,148170,174734,153788,1.9,0,0,5.7,5,1.5,0,1.3,6.7,2.6,,,,,,,,
Tract 71,1160,1100,1086,1342,s,43,s,s,5.3,2.7,s,s,30,40,19,22,30,28,33,38,36,39,32,29,19,16,15,15,15,19,22,19,24,23,22,110000,111000,135000,130000,146000,169000,150000,307000,332000,386000,503000,517000,546000,510000,423000,472000,470000,508000,564000,556000,598000,1.7,4.8,7.4,62,46,62,96,77,98,76,86,65,119,55000,54156,56863,67517,85100,99334,94780,124235,126779,130826,5,18,25,8.3,7.9,9.4,6.8,2.1,7.9,17,,,,,,,,
Tract 72,957,791,888,1830,s,60,s,s,2.7,4.1,s,s,1.5,22,2,0,2,3,4,2,2,2,2,5,6,8,2,1,46,42,44,57,8,7,15,i,i,i,i,i,i,i,i,i,i,i,i,i,i,763000,792000,806000,836000,i,i,965000,i,4,i,8,13,8,24,16,21,16,24,42,419,151584,80574,71078,83771,120964,55052,70793,96881,99218,110001,0,0,67,0,0,0,0,22,0,0.6,,,,,,,,
Tract 73.01,1545,1845,1361,812,s,13,s,s,4.6,7.6,s,s,3.2,0,0,0,0,0,0,0,0,0,0,0,0,0,0,0,0,0,0,0,0,0,0,i,i,i,i,i,i,i,i,i,i,i,i,i,i,i,i,i,i,i,i,i,i,i,i,0,1.5,3.8,6.8,4.5,1.5,0,1.5,2.3,2.3,0,145957,67201,63766,68080,77193,0,36473,105833,107865,i,0,0,0,0,0,i,0,100,67,,,,,,,,
Tract 73.04,1306,1437,1483,1198,s,64,s,s,9.4,6.6,s,s,21,22,13,16,5,18,16,11,8,5,8,6,18,11,3,11,4,6,5,3,1,8,3,140000,135000,i,127000,116000,135000,i,i,i,i,192000,252000,i,497000,i,i,i,i,i,i,i,i,i,i,11,19,22,11,19,14,13,21,40,21,46280,46231,56863,38760,65649,41888,62017,64967,91501,85438,0,17,25,i,20,29,0,0,24,13,,,,,,,,
Tract 74.01,1108,831,893,771,s,64,s,s,5.9,6,s,s,6.6,5.9,4,1,2,2,3,3,1,4,1,1,2,5,2,0,1,2,1,0,2,0,0,i,i,i,i,i,i,i,i,i,i,i,i,i,i,i,i,i,i,i,i,i,i,i,i,8.1,24,3.2,9.7,4.9,31,29,18,19,24,29512,30380,68494,57514,91179,43085,51486,49010,45199,83302,67,92,i,40,33,0,9.1,0,0,20,,,,,,,,
Tract 74.03,1114,914,863,1092,s,38,s,s,3.6,4.8,s,s,13,4.8,4,3,8,2,3,1,3,6,6,9,6,2,5,1,1,2,1,3,5,1,1,i,i,i,i,i,i,i,i,i,i,i,i,i,i,i,i,i,i,i,i,i,i,i,i,24,3.9,16,12,28,28,24,55,110,51,44268,60760,67848,67517,40119,41888,55581,49010,66145,63010,0,0,50,100,0,0,0,29,0,23,,,,,,,,
Tract 74.04,1639,1236,946,1106,s,74,s,s,14,8.7,s,s,7.1,19,2,5,0,2,2,0,1,1,2,5,16,53,38,64,13,23,15,8,15,20,5,i,i,i,i,i,i,i,i,i,i,241000,307000,344000,349000,351000,321000,288000,i,294000,276000,i,i,i,i,0,3.3,8.3,1.7,8.3,18,6.7,27,100,112,0,36985,42647,30007,49844,37101,49145,54709,58980,76894,i,i,i,100,20,0,0,0,26,12,,,,,,,,
Tract 74.06,859,674,938,985,s,49,s,s,5.7,2.1,s,s,3.2,1.8,1,0,1,0,1,2,2,1,0,1,0,0,0,1,0,0,0,0,0,1,0,i,i,i,i,i,i,i,i,i,i,i,i,i,i,i,i,i,i,i,i,i,i,i,i,18,0,0,0,9.2,156,349,211,73,83,32195,0,0,0,40119,53856,55581,56989,83784,80098,i,i,i,i,i,0,2.9,0,43,22,,,,,,,,
Tract 74.07,1254,1138,914,1090,s,61,s,s,11,4.3,s,s,35,38,12,7,20,10,11,8,30,31,32,25,19,28,9,21,9,12,13,22,14,3,9,101000,i,95000,82000,74000,i,134000,157000,176000,169000,192000,252000,i,324000,i,206000,291000,301000,200000,i,i,i,i,i,24,22,12,18,76,71,145,141,127,133,64390,58119,51047,36259,46197,49068,46220,54709,52916,72622,33,75,0,0,6.3,4.8,7,6.2,8.2,9.8,,,,,,,,
Tract 74.08,802,1016,769,1053,s,39,s,s,17,6.4,s,s,15,4.7,3,6,2,1,1,5,4,5,2,5,3,2,2,1,2,2,0,0,4,1,1,i,i,i,i,i,i,i,i,i,i,i,i,i,i,i,i,i,i,i,i,i,i,i,i,5.6,28,28,31,25,17,25,36,33,142,56341,48872,54278,55014,60786,59840,26913,80924,74965,65146,i,0,33,0,0,0,22,15,18,2,,,,,,,,
Tract 74.09,1356,1222,1387,1417,s,50,s,s,1.6,0.6,s,s,16,16,8,5,5,6,11,35,18,45,10,18,26,29,21,6,7,1,3,5,6,9,13,i,i,i,i,88000,164000,166000,178000,213000,196000,249000,366000,323000,i,i,i,i,i,i,i,255000,0.2,i,i,7.2,9.6,118,159,128,113,29,63,108,130,29512,42268,52986,50012,51060,53856,63187,63257,55121,77962,0,0,33,0,0,7.1,25,18,23,32,,,,,,,,
Tract 75.02,1587,1378,1578,1677,s,45,s,s,10,5.2,s,s,16,13,8,7,10,26,22,6,8,4,3,4,4,7,5,1,2,2,1,0,2,4,7,i,i,190000,177000,176000,i,i,i,i,i,i,i,i,i,i,i,i,i,i,i,i,i,i,i,16,28,30,32,66,22,20,14,31,69,60365,63402,55570,67517,47413,50265,71378,75225,98116,66748,0,10,0,22,3.1,25,15,0,21,11,,,,,,,,
Tract 75.03,1037,986,899,857,s,69,s,s,4.8,6,s,s,32,32,11,12,18,24,28,26,21,18,15,30,33,26,17,12,7,4,8,13,9,18,6,98000,118000,110000,109000,102000,98000,117000,155000,153000,177000,269000,315000,314000,278000,i,i,i,207000,i,273000,i,i,i,i,11,19,34,37,39,50,45,107,105,90,38902,44910,52340,41260,54099,61036,56166,55849,88194,83302,0,100,43,36,8.3,0,0,7.5,24,21,,,,,,,,
Tract 75.04,917,988,827,1007,s,48,s,s,22,18,s,s,20,23,9,6,6,14,14,5,11,5,5,12,17,12,9,6,2,7,5,5,7,5,8,i,i,i,87000,87000,i,154000,i,i,187000,216000,287000,i,i,i,i,i,i,i,i,i,i,i,i,13,10,25,18,43,111,50,91,161,141,50975,40947,54278,52513,51060,42486,48560,72376,54019,84904,0,50,33,20,14,0,7.7,15,24,11,,,,,,,,
Tract 76.01,2144,1925,1878,1855,s,58,s,s,14,18,s,s,44,51,25,36,34,41,42,41,29,39,24,36,37,25,23,13,7,7,6,17,16,30,16,135000,117000,130000,124000,128000,123000,145000,154000,187000,209000,288000,308000,287000,304000,i,i,i,232000,275000,292000,302000,0.5,i,3.2,16,18,28,35,30,28,38,45,55,40,42926,46891,49109,47512,55923,46675,60261,67247,76067,79030,0,40,43,4.2,22,12,24,14,44,17,,,,,,,,
Tract 76.03,2292,2114,2136,2121,s,61,s,s,6.6,12,s,s,49,45,25,22,14,18,13,15,10,11,17,15,10,14,5,8,4,3,3,5,9,8,5,203000,206000,194000,219000,219000,249000,244000,287000,332000,390000,416000,505000,i,i,i,i,i,i,i,i,i,i,i,i,17,22,22,27,30,27,48,69,79,74,55000,48872,48463,60015,63217,54454,68452,66107,66145,63544,5.3,14,18,9.7,7.9,0,11,12,16,9.6,,,,,,,,
Tract 76.04,1986,1979,1747,1750,s,68,s,s,6,11,s,s,37,34,12,21,22,23,18,9,19,17,20,26,13,21,10,8,2,5,1,9,15,12,11,217000,193000,195000,199000,182000,i,217000,274000,294000,350000,451000,442000,422000,i,i,i,i,i,332000,414000,464000,0.3,i,12,21,27,22,31,30,40,38,46,50,120,59695,72648,65909,65016,74159,73603,94195,87762,92603,80098,33,14,10,10,9.5,0,16,14,33,14,,,,,,,,
Tract 76.05,1763,1757,1696,1581,s,58,s,s,7,11,s,s,23,22,9,12,15,11,9,11,14,6,8,13,10,7,6,3,1,14,9,7,9,7,7,i,137000,132000,106000,i,127000,153000,i,i,182000,237000,i,i,i,i,377000,i,i,i,i,i,i,i,i,18,13,18,25,30,13,28,30,43,63,52317,56798,51693,47512,44981,68217,58506,67816,72760,81700,0,0,38,0,17,20,0,50,20,42,,,,,,,,
Tract 77.03,2452,2247,1834,2103,s,59,s,s,7.8,3.9,s,s,21,24,4,19,14,6,11,20,29,24,5,19,28,15,16,8,4,4,5,4,7,7,10,i,124000,126000,i,125000,161000,184000,200000,i,199000,250000,291000,297000,i,i,i,i,i,i,i,265000,0.6,i,i,13,13,18,32,36,25,12,136,53,60,45609,42268,40062,50012,60786,55052,43295,41032,65043,67816,0,20,33,32,0,17,0,19,8.7,17,,,,,,,,
Tract 77.07,1669,1472,1478,1555,s,66,s,s,11,12,s,s,59,40,23,16,39,39,31,30,36,32,27,36,52,33,25,11,18,19,7,19,31,11,21,120000,138000,132000,121000,120000,123000,138000,165000,173000,187000,263000,307000,323000,278000,261000,230000,i,196000,216000,227000,265000,0.1,2.9,17,19,21,23,30,27,27,28,48,56,61,52317,52175,45232,40010,49236,47872,62017,75225,76067,90778,20,38,33,21,4.5,21,27,15,23,25,,,,,,,,
Tract 77.08,1367,1248,1152,1084,s,47,s,s,6.4,14,s,s,18,13,8,10,9,14,8,8,9,9,5,7,13,8,3,0,3,2,3,6,4,1,3,i,106000,i,96000,i,i,i,i,i,i,251000,i,i,i,i,i,i,i,i,i,i,i,i,i,13,5.6,30,32,22,24,26,41,67,49,52317,44910,42001,45636,48629,56848,59091,51290,67248,69418,0,i,0,0,0,0,23,13,15,31,,,,,,,,
Tract 77.09,1140,1033,950,979,s,61,s,s,12,7.8,s,s,33,23,4,12,18,12,15,6,7,6,5,8,12,7,4,1,0,2,2,5,8,4,10,i,123000,123000,121000,135000,i,i,i,i,i,282000,i,i,i,i,i,i,i,i,i,270000,-0.4,i,i,12,15,21,17,27,17,17,29,31,13,52987,49533,42001,53763,54099,55052,73133,80354,100320,81166,0,50,0,0,0,0,8.3,14,15,0,,,,,,,,
Tract 78.03,1725,1507,1303,1438,s,65,s,s,19,3,s,s,48,38,19,32,27,41,28,35,17,26,29,27,33,21,22,7,6,11,18,11,8,16,8,101000,114000,109000,121000,139000,121000,162000,138000,160000,168000,245000,326000,277000,i,i,214000,217000,202000,i,232000,i,i,i,i,23,21,22,42,27,32,41,61,59,64,44268,42268,50401,46261,46805,53856,48560,52430,70555,77962,38,38,45,32,0,11,15,19,17,11,,,,,,,,
Tract 78.04,1352,1262,1157,1212,s,55,s,s,9.6,3.2,s,s,42,42,13,24,25,23,24,36,24,27,19,32,26,25,17,8,6,8,11,17,9,16,15,120000,121000,136000,114000,128000,138000,141000,157000,169000,205000,287000,302000,309000,i,i,i,249000,208000,i,249000,310000,0.8,i,24,23,17,31,29,37,38,26,46,42,69,43009,45367,47976,42742,53079,54979,52071,65537,73862,83836,19,26,18,6.1,15,0.8,5.6,24,8.3,14,,,,,,,,
Tract 78.06,1081,995,882,964,s,61,s,s,8.2,7.9,s,s,48,32,13,10,18,28,20,17,13,14,11,19,21,21,15,8,4,9,14,17,15,11,9,110000,90000,97000,125000,111000,114000,123000,133000,153000,205000,245000,320000,303000,i,i,i,248000,239000,238000,281000,i,i,i,i,18,31,21,24,22,31,34,50,62,82,55000,40947,42647,53763,48629,43683,53826,61548,71657,74758,60,40,40,38,0,0,0,11,19,18,,,,,,,,
Tract 78.07,859,836,751,810,s,70,s,s,6.5,7.1,s,s,44,33,9,11,14,15,12,16,11,21,12,22,25,17,19,4,9,6,10,8,5,11,11,i,106000,102000,114000,91000,98000,145000,150000,163000,205000,300000,302000,317000,i,i,i,207000,i,i,265000,325000,0.8,i,22,14,26,20,40,36,34,38,79,95,190,34207,46231,65263,37509,40726,57446,54996,68956,82682,63010,0,25,40,25,0,10,13,7.9,19,26,,,,,,,,
Tract 78.08,1693,1582,1402,1352,s,67,s,s,6.8,11,s,s,39,43,18,28,27,30,30,21,28,25,25,49,50,45,38,16,10,19,15,22,37,22,24,118000,105000,104000,107000,94000,98000,105000,128000,164000,184000,233000,285000,308000,294000,247000,203000,195000,195000,219000,234000,234000,0.1,2.9,0,11,23,22,18,29,35,32,68,81,79,50304,39626,38770,45011,41334,56848,60847,61548,75516,83302,50,60,0,0,10,7.1,11,16,35,16,,,,,,,,
Tract 78.09,1292,1086,1106,1135,s,66,s,s,6,18,s,s,59,62,15,33,31,40,42,44,38,41,40,63,72,57,29,10,7,11,21,18,21,20,28,106000,105000,96000,96000,99000,92000,117000,130000,153000,161000,222000,279000,301000,270000,i,213000,180000,176000,188000,234000,270000,2,4.9,16,18,27,19,44,27,45,52,88,107,122,48219,38404,43355,40661,34904,43247,50315,49010,65043,71020,0.2,62,56,19,10,3.8,14,13,32,38,,,,,,,,
Tract 79.01,1712,1535,1465,1540,s,61,s,s,6.7,12,s,s,35,34,16,31,24,40,23,35,29,30,43,57,60,37,26,13,16,17,29,26,51,28,31,118000,116000,107000,113000,123000,131000,164000,163000,195000,284000,345000,395000,374000,348000,361000,341000,344000,433000,427000,468000,515000,4.1,8.6,10,21,22,27,33,34,52,61,74,99,78,49634,51514,49109,58764,59570,73004,77228,82633,81579,96117,33,44,30,33,5,5.9,19,12,18,10,,,,,,,,
Tract 79.03,915,791,794,778,s,64,s,s,15,11,s,s,61,66,21,26,30,31,26,27,23,20,24,31,21,39,21,18,13,14,20,30,35,24,29,127000,114000,111000,135000,91000,135000,155000,163000,189000,261000,420000,370000,352000,304000,262000,282000,303000,295000,368000,416000,465000,1,11,12,28,25,28,37,26,40,27,53,86,111,40244,39626,41355,55014,60786,55651,58506,74085,83784,94515,27,29,36,18,7.1,0,0,18,27,24,,,,,,,,
Tract 80.01,1147,1114,1139,1286,s,60,s,s,13,0,s,s,71,70,44,59,51,67,84,62,60,63,66,54,71,53,56,23,26,51,44,56,57,54,35,161000,134000,136000,165000,176000,193000,250000,294000,373000,463000,576000,580000,556000,516000,541000,551000,455000,555000,622000,663000,685000,1.8,4.5,3.3,27,55,65,82,77,103,103,102,106,108,56341,58779,67201,78769,96041,105318,105311,113977,131188,134564,15,32,21,6,6.1,4.5,2.4,2.5,9.4,11,,,,,,,,
Tract 80.02,1310,1554,1513,1477,s,51,s,s,6.6,0,s,s,46,65,37,35,54,66,62,50,60,40,51,55,64,51,32,32,27,40,38,50,43,39,39,144000,146000,142000,156000,160000,205000,238000,410000,383000,436000,571000,557000,529000,510000,466000,516000,523000,555000,594000,612000,737000,2.6,7.4,20,50,54,75,64,69,71,83,201,123,115,56341,83215,68494,84396,102120,107711,113502,99160,128983,127623,12,9.8,2.9,7,1.1,4.3,8.9,2.9,5.2,6.8,,,,,,,,
Tract 81,1373,1228,1321,1452,s,41,s,s,0,10,s,s,52,57,26,18,39,52,62,38,39,35,36,29,33,18,26,17,14,29,29,23,20,18,26,224000,195000,237000,246000,273000,343000,422000,523000,582000,694000,713000,726000,742000,647000,744000,786000,745000,763000,817000,784000,868000,2,2,11,50,108,100,101,107,92,111,116,108,91,85853,101708,89171,121280,127650,137033,134564,125375,130086,143108,0,1,0,4.7,6,0,0,4.7,1.7,2,,,,,,,,
Tract 82,1366,1494,1539,1522,s,31,s,s,0,6,s,s,39,41,19,19,16,16,29,23,19,26,16,23,21,24,14,12,13,9,12,9,14,6,14,309000,261000,313000,373000,414000,489000,572000,570000,794000,816000,754000,910000,1109000,846000,876000,i,866000,i,857000,i,862000,1.3,i,i,49,68,93,70,53,78,59,65,72,70,103963,125483,122772,132533,133729,144812,125203,131644,154339,168205,0,0,0,4.1,0,3.6,0,1.4,0,2.6,,,,,,,,
Tract 83.01,1014,1094,1173,1072,s,44,s,s,8.9,2,s,s,53,57,22,29,32,57,50,45,44,39,24,30,39,30,33,16,17,17,25,27,33,18,21,200000,238000,225000,262000,297000,357000,418000,493000,619000,694000,749000,702000,735000,710000,719000,705000,678000,713000,786000,784000,825000,1,3.2,5.2,49,108,135,93,91,86,91,78,92,74,81829,96424,98864,118779,124611,136434,121693,134493,121266,146312,0,5,3,1.1,0,1.1,1,2.4,8.2,6.3,,,,,,,,
Tract 83.02,868,814,860,966,s,45,s,s,7.2,4.1,s,s,58,52,28,27,33,33,45,36,29,29,31,28,29,24,18,19,20,15,20,22,24,23,14,209000,215000,200000,225000,265000,368000,380000,496000,518000,639000,737000,744000,833000,750000,729000,758000,559000,753000,824000,784000,882000,1.8,3.1,12,55,67,98,121,93,113,98,105,96,71,80487,87178,93048,103776,102120,154386,138075,135633,162056,153788,6.5,4.5,2.9,5.4,2.8,4.4,2.6,0,14,3.6,,,,,,,,
Tract 84.02,804,1130,1085,1174,s,55,s,s,8.6,12,s,s,34,39,21,21,28,44,35,34,45,32,32,37,38,22,19,13,12,23,11,14,22,10,25,173000,158000,157000,196000,182000,236000,276000,387000,415000,498000,599000,592000,624000,525000,538000,561000,658000,630000,622000,734000,785000,2.7,6.9,6.9,41,84,77,114,119,83,114,107,114,81,52987,65383,72371,81895,98473,89759,98291,115117,119062,144176,8.3,19,8.1,1.5,4.1,0,2.7,4.2,16,7.4,,,,,,,,
Tract 84.10,614,490,528,604,s,58,s,s,8.7,11,s,s,72,67,17,27,23,46,44,35,31,43,39,45,49,24,21,15,21,24,25,32,50,14,25,105000,113000,118000,106000,111000,144000,183000,216000,203000,342000,432000,401000,431000,364000,390000,451000,473000,486000,567000,689000,725000,5.3,10,5.2,22,32,42,47,50,69,86,95,122,85,46951,50854,52986,66266,72943,81980,85419,88902,117959,118545,29,42,0,12,11,7.9,5.9,14,12,28,,,,,,,,
Tract 87.01,916,845,750,873,s,60,s,s,5.6,9.5,s,s,62,49,20,23,39,46,38,44,36,45,44,48,39,26,24,4,14,24,28,26,35,29,16,121000,127000,107000,129000,114000,161000,172000,222000,291000,373000,462000,506000,482000,i,396000,378000,344000,390000,528000,552000,633000,3.2,11,15,32,43,41,62,58,87,82,83,130,73,65060,59439,64617,71268,77806,82579,87759,102580,120164,138836,7.7,35,27,21,20,8.8,12,18,32,15,,,,,,,,
Tract 87.02,748,880,737,713,s,54,s,s,10,17,s,s,35,53,5,9,14,29,30,12,14,29,22,22,14,16,14,2,9,6,15,16,18,8,16,i,i,115000,156000,122000,171000,183000,196000,239000,373000,420000,564000,444000,i,i,i,336000,409000,453000,i,680000,5,i,i,25,34,51,40,25,82,58,83,73,111,52987,62081,59447,66266,70511,66422,80739,88902,106935,90244,29,64,33,23,29,6.5,0,23,26,6.6,,,,,,,,
Tract 88.02,1819,1883,1597,1746,s,64,s,s,4.9,9.3,s,s,48,44,37,35,33,63,58,39,49,53,54,54,76,54,27,8,9,26,33,31,58,38,46,120000,113000,115000,116000,115000,108000,130000,157000,182000,249000,345000,368000,411000,i,i,316000,292000,312000,438000,508000,574000,5.2,13,13,15,23,42,30,44,47,60,77,101,74,46951,51514,45232,48762,49844,59241,72548,82064,92603,93981,29,47,48,27,5.6,6.4,14,15,37,28,,,,,,,,
Tract 88.03,673,592,430,442,s,42,s,s,17,5.4,s,s,12,16,3,1,3,8,4,1,2,4,3,9,14,2,5,2,0,0,1,8,3,2,2,i,i,i,i,i,i,i,i,i,i,246000,i,i,i,i,i,i,i,i,i,i,i,i,i,6,20,36,36,24,38,32,71,87,38,53658,50193,68494,70017,55923,50265,84249,86623,87091,115341,i,50,22,10,0,7.1,0,0,9.3,16,,,,,,,,
Tract 88.04,1494,1357,1068,1096,s,52,s,s,12,10,s,s,22,29,5,7,12,12,9,7,14,21,6,16,21,14,13,6,3,5,4,10,12,11,15,i,i,103000,89000,i,i,107000,138000,i,233000,252000,311000,329000,i,i,i,i,277000,405000,386000,452000,6,i,17,14,13,15,22,29,40,26,53,56,39,46951,61421,84002,53138,52276,62233,67867,68386,68901,86506,43,33,6.7,14,21,15,23,21,23,37,,,,,,,,
Tract 89.03,1490,1406,1040,1150,s,61,s,s,11,9.2,s,s,30,23,18,10,11,26,27,21,22,16,20,23,23,17,10,5,7,9,13,16,15,24,18,101000,106000,107000,84000,91000,99000,129000,113000,160000,185000,291000,313000,295000,i,i,i,195000,268000,249000,380000,416000,3.6,i,9.5,6.9,12,19,31,30,23,44,44,43,39,36890,50193,63324,42510,55923,67020,56166,56989,71657,83836,50,75,58,14,5.9,13,7.7,11,13,35,,,,,,,,
Tract 89.04,1859,1783,1424,1539,s,49,s,s,7.8,10,s,s,14,13,5,8,5,18,12,11,12,16,6,9,12,4,4,5,2,13,11,8,7,14,17,i,i,i,111000,99000,110000,139000,145000,i,i,342000,i,i,i,i,211000,185000,i,i,399000,400000,1.6,14,0.1,5.4,16,12,23,19,53,24,24,48,29,53658,44910,36185,67517,60786,67020,74303,70096,95911,101457,50,17,33,19,20,3.8,6.7,15,47,11,,,,,,,,
Tract 90,856,1351,1466,1553,s,67,s,s,0.9,5.8,s,s,30,38,1,1,0,2,3,0,0,2,0,2,1,6,118,40,31,13,3,52,52,100,82,i,i,i,i,i,i,i,i,i,i,i,i,546000,509000,505000,460000,i,408000,448000,484000,528000,i,2.8,9,39,41,28,43,20,43,41,35,51,75,55000,40947,45878,66266,68080,62233,71378,62687,77170,80098,0,14,0,25,0,0,13,0,4.2,5.6,,,,,,,,
Tract 91.02,1772,1778,1634,1662,s,52,s,s,5,6.3,s,s,39,33,6,16,28,33,25,23,17,13,30,21,26,15,25,6,15,12,14,14,15,15,18,i,118000,140000,192000,180000,148000,149000,183000,222000,255000,308000,349000,344000,i,270000,257000,234000,247000,268000,424000,434000,3.5,11,2.2,20,23,18,25,22,34,38,45,58,53,68414,63402,52986,46261,47413,46077,66697,68386,80477,76894,6.7,15,10,25,19,14,15,15,11,17,,,,,,,,
Tract 92.01,546,578,502,570,s,48,s,s,23,20,s,s,36,41,1,6,3,9,18,15,10,4,6,7,8,13,4,2,1,3,57,53,72,42,14,i,i,i,i,104000,174000,170000,i,i,i,i,442000,i,i,i,i,565000,627000,698000,743000,716000,i,i,-3.7,18,18,31,44,42,47,49,52,133,112,52317,47552,73663,53763,60786,62233,46805,58128,82682,87574,33,33,14,0,0,17,0,5.6,22,7.1,,,,,,,,
Tract 92.03,1462,1236,1172,1065,s,68,s,s,8.1,16,s,s,49,54,24,24,22,30,37,23,32,22,26,43,30,28,24,11,10,15,27,34,33,33,21,107000,126000,132000,123000,138000,155000,147000,226000,243000,292000,401000,373000,391000,379000,342000,321000,338000,345000,429000,567000,582000,3.8,13,2.6,18,31,41,33,57,39,87,118,88,80,43597,58119,52986,49387,57139,65824,70208,74085,99218,106797,0,50,56,20,0,6.3,5.3,6.7,22,18,,,,,,,,
Tract 92.04,1105,1120,1103,1292,s,44,s,s,20,8.1,s,s,13,15,5,6,8,9,8,8,7,7,4,13,7,5,4,3,1,0,4,4,8,2,5,i,i,i,i,i,i,i,i,i,280000,i,i,i,i,i,i,i,i,i,i,i,i,i,i,9.3,19,25,40,28,28,16,87,168,146,40244,56798,49109,52513,40119,67020,74888,67247,87091,97185,0,0,0,22,0,25,0,4,11,13,,,,,,,,
Tract 93.01,1223,1144,1125,1162,s,64,s,s,6.1,0,s,s,78,74,34,34,38,56,49,50,38,55,48,60,49,27,33,22,18,28,25,32,41,31,43,169000,180000,177000,177000,181000,192000,253000,277000,359000,392000,540000,512000,499000,407000,428000,428000,442000,434000,463000,598000,705000,2.7,10,18,26,37,36,38,39,64,50,69,77,80,57682,62081,68494,70017,81453,87366,93610,104859,130086,146312,15,4.8,18,3.7,2.8,1.4,13,7.5,19,20,,,,,,,,
Tract 93.02,1012,698,491,460,s,69,s,s,13,16,s,s,70,74,12,21,17,21,17,19,13,16,20,29,11,19,9,2,3,11,6,14,17,11,8,128000,149000,150000,156000,146000,145000,217000,229000,318000,342000,414000,465000,i,i,i,395000,i,441000,449000,532000,i,i,i,i,34,41,43,41,46,53,50,84,62,98,48963,64723,54278,65641,89963,81382,72548,85483,82682,114273,0,0,13,0,0,0,5.3,9.1,0,17,,,,,,,,
Tract 94,1762,1706,1686,1651,s,68,s,s,7,11,s,s,80,78,55,57,48,53,51,53,51,51,67,63,76,60,33,27,27,33,28,38,68,46,47,191000,197000,189000,177000,174000,199000,204000,248000,313000,324000,442000,464000,439000,446000,373000,424000,349000,370000,421000,461000,515000,1.5,4,12,27,29,32,33,36,40,44,50,74,76,72438,67365,74955,75644,71119,74201,102971,93461,105281,115341,7.1,23,22,9.1,2.6,8,7.9,17,22,15,,,,,,,,
Tract 95.01,1602,1907,1767,1802,s,32,s,s,6.9,4.9,s,s,17,21,5,7,10,18,13,10,12,11,14,9,10,8,9,7,4,2,6,7,11,2,8,i,i,167000,150000,150000,163000,178000,178000,214000,i,414000,i,i,i,i,i,i,i,354000,i,i,i,i,i,19,33,24,36,31,30,40,37,70,84,43597,48872,47170,45011,68080,63430,67867,93461,80477,95049,40,50,0,0,0,0,12,8,11,13,,,,,,,,
Tract 95.03,1262,1191,1207,1200,s,76,s,s,27,0,s,s,92,85,34,44,26,35,30,50,29,30,32,36,35,29,22,20,11,24,21,30,37,25,37,203000,204000,208000,185000,194000,208000,235000,271000,377000,424000,484000,483000,454000,387000,393000,393000,303000,373000,434000,439000,480000,-0.1,4.1,9.3,18,30,29,43,29,25,36,43,46,36,69085,70006,68494,73768,79021,84972,94780,94601,110242,121215,6.7,27,11,0,4,0,7.1,7.7,18,6.7,,,,,,,,
Tract 95.04,1262,1333,1318,1254,s,58,s,s,12,8.5,s,s,54,50,30,26,22,34,21,23,16,18,29,28,17,15,15,12,8,6,14,17,19,13,23,182000,187000,179000,178000,202000,204000,218000,297000,268000,389000,480000,469000,448000,433000,i,i,378000,416000,377000,552000,529000,1,i,-4.2,32,28,21,26,20,30,46,41,41,50,52987,52835,61386,76269,60786,78390,77813,85483,94808,102525,0,9.1,7.1,0,0,9.7,15,12,12,9.7,,,,,,,,
Tract 95.05,1161,1173,1149,1138,s,75,s,s,0,0,s,s,82,86,34,25,33,40,38,31,35,37,31,44,45,33,33,14,13,11,11,21,43,63,67,171000,153000,167000,162000,151000,172000,177000,229000,246000,329000,386000,380000,380000,328000,296000,309000,257000,263000,501000,514000,515000,2.9,11,0.3,22,28,31,29,41,38,31,49,65,57,54329,52835,50401,57514,60786,67020,74888,88332,84335,88642,0,0,5.6,5,15,0,0,5.5,24,15,,,,,,,,
Tract 95.07,622,610,655,583,s,64,s,s,4.7,0,s,s,78,88,17,11,8,26,11,13,15,21,7,19,23,19,11,6,9,2,12,8,12,9,23,167000,162000,i,163000,164000,182000,187000,196000,i,280000,348000,395000,380000,i,i,i,285000,i,307000,i,396000,1.3,i,i,8.6,22,28,26,28,38,12,43,60,76,55000,53496,52986,55014,63217,55052,63187,71806,109140,89176,0,20,0,17,0,0,25,22,37,23,,,,,,,,
Tract 95.08,1331,1320,1316,1578,s,75,s,s,5.2,3.8,s,s,59,52,14,26,15,20,24,16,12,20,13,31,21,20,12,7,8,10,12,15,23,25,21,171000,176000,162000,170000,167000,171000,191000,191000,230000,286000,367000,407000,394000,i,i,271000,258000,272000,279000,340000,420000,1.4,9.2,23,13,20,19,15,18,25,19,52,43,63,49634,52835,58155,56264,58354,55052,59091,78074,94808,93981,0,17,0,0,0,12,17,11,26,28,,,,,,,,
Tract 95.09,1279,1262,1233,1258,s,83,s,s,0,20,s,s,92,85,33,26,46,35,29,26,23,25,35,41,43,35,44,27,37,46,21,22,40,40,39,173000,168000,150000,156000,171000,162000,168000,193000,224000,280000,366000,408000,422000,348000,374000,378000,298000,299000,322000,343000,398000,0.9,1.1,16,23,24,27,25,23,21,35,51,51,50,48292,43589,56863,56264,54099,52659,64357,63827,94808,85972,0,0,10,0,0,0,19,10,22,21,,,,,,,,
Tract 96.01,874,506,722,786,s,55,s,s,11,3,s,s,43,45,10,7,11,17,12,5,6,13,12,14,15,14,8,3,3,7,2,3,4,14,11,140000,i,141000,169000,111000,i,i,180000,137000,213000,315000,392000,i,i,i,i,i,i,i,286000,368000,1.6,i,29,7.3,22,21,12,16,26,15,47,40,31,44268,55477,49109,61890,83884,71808,56166,60408,92603,121215,0,50,20,0,0,22,30,14,26,24,,,,,,,,
Tract 96.02,1192,954,1318,1445,s,48,s,s,3.7,7.7,s,s,9,4.2,0,0,0,0,0,0,0,0,0,0,0,0,0,0,0,0,0,0,0,9,0,i,i,i,i,i,i,i,i,i,i,i,i,i,i,i,i,i,i,i,i,i,i,i,i,0,5.1,0,25,5.1,25,36,41,25,46,0,42268,0,43761,52276,51462,62017,58698,65043,80098,i,i,i,i,i,0,0,29,40,0,,,,,,,,
Tract 96.03,1832,1730,1613,1588,s,56,s,s,7.4,11,s,s,30,27,14,16,11,21,28,18,13,13,16,26,17,12,14,8,5,6,7,15,11,13,11,134000,131000,126000,117000,124000,114000,156000,174000,190000,197000,272000,300000,295000,i,i,i,i,222000,244000,208000,265000,-0.3,i,28,12,16,26,17,25,16,38,69,87,35,45609,58119,40709,47512,51060,61036,63187,58128,64492,59806,0,29,30,0,15,0,11,5.5,18,21,,,,,,,,
Tract 96.04,991,910,923,927,s,69,s,s,2.8,0,s,s,70,64,22,26,20,20,29,21,22,26,23,26,33,26,23,13,9,8,8,2,25,13,23,125000,120000,119000,110000,100000,108000,129000,151000,166000,174000,221000,274000,279000,239000,i,i,i,i,183000,226000,232000,0.5,i,2.5,15,16,25,37,24,35,36,30,54,43,37561,37645,37478,38760,38903,43085,42710,60408,68350,71020,0,33,43,33,0,13,10,27,28,16,,,,,,,,
Tract 97,1372,1366,865,1179,s,64,s,s,11,17,s,s,41,40,9,6,11,19,36,44,35,23,20,30,17,14,18,6,4,10,10,2,10,6,6,i,i,100000,99000,152000,160000,149000,172000,180000,188000,252000,337000,346000,i,i,240000,195000,i,182000,i,i,i,i,i,12,27,45,76,144,113,68,78,60,58,26829,34343,55570,55014,44981,47273,41539,56989,61736,72622,0,25,0,0,7.7,0,0,8.8,30,25,,,,,,,,
Tract 98.01,1014,793,685,677,s,49,s,s,16,7,s,s,17,20,0,4,2,9,4,9,4,7,3,10,4,7,4,0,2,4,3,3,2,5,5,i,i,i,i,i,i,i,i,i,173000,i,i,i,i,i,i,i,i,i,i,i,i,i,i,16,8,11,21,59,29,8,40,24,142,53658,38305,63971,35009,49236,57446,32764,52430,61736,59806,0,50,0,60,0,0,0,7.7,33,13,,,,,,,,
Tract 98.02,825,733,574,677,s,58,s,s,25,18,s,s,29,30,4,6,5,5,7,2,2,5,7,12,10,5,2,2,1,2,1,4,5,1,4,i,i,i,i,i,i,i,i,i,171000,241000,i,i,i,i,i,i,i,i,i,i,i,i,i,6.7,8.9,8.9,4.5,13,27,20,38,47,219,25488,29059,62032,22506,43158,57446,42125,54709,80477,58738,0,0,i,0,33,11,0,27,35,11,,,,,,,,
Tract 98.03,1341,1144,974,1201,s,47,s,s,18,4.5,s,s,20,11,0,6,6,7,6,6,6,5,6,13,9,3,3,6,2,9,5,3,3,2,6,i,i,i,i,i,i,i,i,i,187000,i,i,i,i,i,i,i,i,i,i,i,i,i,i,15,11,11,34,24,54,73,65,71,62,69755,46231,34893,46261,54707,55052,47975,70666,67248,66748,0,0,100,50,0,25,0,15,22,28,,,,,,,,
Tract 98.04,862,970,904,955,s,60,s,s,3.9,7.2,s,s,32,36,2,8,10,9,8,4,6,12,22,33,15,13,5,2,1,4,4,3,3,6,23,i,i,121000,i,i,i,i,254000,244000,251000,288000,321000,i,i,i,i,i,i,i,i,390000,3.1,i,i,19,11,19,16,11,56,116,126,145,223,46951,29720,43939,41885,43766,83775,76058,79784,71106,61942,50,0,40,20,0,0,3.4,7.7,25,16,,,,,,,,
Tract 98.07,1550,1274,1259,1350,s,56,s,s,7.8,10,s,s,41,43,6,17,14,21,23,12,13,13,5,9,15,64,30,9,8,9,7,2,6,5,15,i,126000,112000,110000,115000,119000,149000,150000,i,i,222000,365000,388000,i,i,i,i,i,i,i,265000,1.8,i,i,18,19,23,20,13,27,17,25,54,196,45609,42268,37478,33758,55923,48470,62017,62687,73862,101457,25,11,17,25,0,17,0,11,20,13,,,,,,,,
Tract 98.10,1405,1328,1064,1103,s,51,s,s,18,6.5,s,s,13,8.1,1,2,0,0,0,1,1,2,3,2,1,1,2,3,0,0,0,0,0,0,0,i,i,i,i,i,i,i,i,i,i,i,i,i,i,i,i,i,i,i,i,i,i,i,i,2.8,3.8,11,4.7,11,18,14,19,49,49,58353,19483,18416,23131,81757,76894,80154,64397,74413,60340,i,0,29,0,33,0,0,13,16,16,,,,,,,,
Tract 98.11,1722,1628,1305,1819,s,51,s,s,18,8.6,s,s,13,12,4,6,1,12,5,9,3,5,7,9,11,9,5,3,3,2,2,4,8,3,6,i,i,i,128000,i,i,i,i,i,i,237000,i,i,i,i,i,i,i,i,i,i,i,i,i,2.8,3.8,11,4.7,11,18,14,19,49,49,58353,19483,18416,23131,81757,76894,80154,64397,74413,60340,i,0,29,0,33,0,0,13,16,16,,,,,,,,
Tract 99.01,1051,996,1009,1007,s,67,s,s,7.8,9.9,s,s,86,80,19,17,17,29,17,18,21,23,25,30,25,22,17,10,9,11,10,24,14,22,18,180000,169000,222000,212000,225000,223000,222000,300000,333000,362000,450000,473000,414000,369000,i,340000,333000,341000,319000,345000,368000,-2,1.6,6.7,19,36,24,25,19,28,44,41,44,35,84511,66044,77540,77519,79629,81980,85419,96881,99769,112137,25,9.1,17,5.6,9.1,4,9.8,14,11,29,,,,,,,,
Tract 99.02,1221,1217,1186,1175,s,70,s,s,9.9,6.3,s,s,75,72,37,27,35,42,56,26,26,22,26,33,32,30,29,8,12,15,18,15,20,19,30,142000,141000,140000,135000,144000,149000,150000,173000,191000,224000,297000,307000,323000,i,231000,248000,244000,227000,232000,258000,300000,0.1,3.9,16,20,25,46,35,27,35,33,41,48,69,41585,44910,44586,45011,54707,59241,66112,67247,76618,79564,0,13,10,20,5.9,10,3.8,15,19,18,,,,,,,,
Tract 99.03,1284,1251,860,644,s,65,s,s,10,8.9,s,s,41,54,6,12,6,16,9,18,9,14,15,19,12,19,34,48,27,19,13,14,10,7,5,i,126000,i,139000,i,148000,i,167000,195000,218000,276000,308000,428000,412000,351000,342000,329000,227000,219000,i,i,i,i,i,4.6,46,27,46,27,17,26,34,35,41,33536,36985,41355,48762,54707,50265,59676,68386,59531,76894,0,4.5,0,0,0,11,0,5.3,17,7.7,,,,,,,,
Tract 99.04,1405,1152,778,874,s,52,s,s,12,17,s,s,10,32,1,2,3,4,0,2,4,0,4,4,6,3,1,19,55,23,8,30,29,14,8,i,i,i,i,i,i,i,i,i,i,i,i,i,342000,346000,337000,i,287000,289000,291000,i,i,i,i,38,13,6.4,0,13,6.4,45,103,231,333,51646,60760,84002,0,27961,0,50315,54139,57877,59806,0,0,i,i,0,0,25,0,17,12,,,,,,,,
Tract 99.05,1295,1307,1034,1104,s,55,s,s,18,7.5,s,s,36,42,9,15,9,12,26,15,16,17,23,24,32,32,21,11,4,10,14,14,21,22,14,i,120000,i,115000,65000,110000,120000,124000,148000,172000,247000,279000,295000,293000,i,256000,241000,267000,194000,301000,302000,2,3.4,0.5,37,30,32,32,23,35,61,88,76,95,48292,47552,37478,42510,38903,43085,56166,46731,66145,69952,17,50,43,29,0,8.3,0,6.3,15,29,,,,,,,,
Tract 99.06,882,768,693,592,s,54,s,s,9.8,6.5,s,s,27,39,10,9,5,10,11,9,13,12,8,20,12,15,7,4,6,3,1,5,9,2,4,100000,i,i,89000,93000,i,99000,111000,i,149000,208000,221000,i,i,i,i,i,i,i,i,i,i,i,i,13,11,18,37,18,22,40,92,57,99,42926,48872,38770,45011,36471,43683,50900,55849,56775,63010,50,50,0,20,0,0,0,2.8,33,15,,,,,,,,
Tract 99.07,1139,1068,1050,1097,s,76,s,s,7.5,2.1,s,s,32,21,13,11,10,8,9,8,9,17,8,17,15,15,12,6,3,4,6,4,12,4,8,128000,131000,130000,i,i,i,i,144000,i,203000,253000,291000,283000,i,i,i,i,i,197000,i,i,i,i,i,87,5.8,5.8,7,10,16,16,27,29,35,61707,51514,52986,42510,37687,52659,46805,68386,83784,60874,0,0,0,50,0,25,0,14,60,3.4,,,,,,,,
Tract 101,1186,1063,1068,1794,s,28,s,s,5.9,6.7,s,s,6.6,24,0,0,0,0,0,0,0,0,0,0,0,0,0,0,0,0,0,0,0,0,0,i,i,i,i,i,i,i,i,i,i,i,i,i,i,i,i,i,i,i,i,i,i,i,i,437,141,225,408,563,549,620,1563,2437,2634,40325,54034,67168,102589,119765,54150,106956,111698,112998,134800,0,0,0,0,2.6,2.7,0,0.9,9.2,1.6,,,,,,,,
Tract 102,1266,1389,1628,1465,s,45,s,s,3,2.6,s,s,28,33,5,11,6,12,14,15,87,9,9,10,7,10,2,9,7,7,3,9,8,6,10,i,299000,i,302000,334000,424000,522000,i,i,725000,i,780000,i,i,i,i,i,i,i,i,890000,i,i,i,41,103,35,41,192,51,50,43,34,35,86421,66903,88671,112021,158897,104010,98836,107270,154802,112335,7.1,2.1,5.3,3.6,1.6,3.1,0,14,8.7,17,,,,,,,,
Tract 103,1256,1211,1239,1173,s,49,s,s,3.3,7,s,s,48,53,17,16,22,20,25,26,29,18,30,24,25,19,15,11,16,8,17,25,21,19,14,213000,199000,195000,195000,206000,236000,329000,276000,361000,419000,492000,488000,505000,491000,535000,i,478000,402000,538000,474000,485000,-0.1,i,2.4,22,38,51,47,70,50,54,56,66,69,123416,73969,97194,32689,35579,77674,123892,96881,128473,127089,10,9.5,3.6,12,0,19,23,7.7,16,14,,,,,,,,
Tract 104,1860,1548,1274,1528,s,50,s,s,13,4,s,s,37,29,14,15,18,31,23,28,19,14,21,27,26,27,18,15,8,4,9,5,7,12,13,132000,123000,127000,106000,109000,127000,123000,152000,141000,205000,237000,290000,289000,270000,i,i,i,i,i,243000,275000,1.5,i,13,16,22,34,24,26,30,34,58,65,61,27061,49573,30133,31210,31095,28094,39126,65445,76732,72365,11,29,36,55,6.7,13,17,14,19,22,,,,,,,,
Tract 105,1846,1538,1845,2000,s,39,s,s,3.7,0,s,s,16,37,0,0,0,0,0,0,0,0,0,0,0,0,0,0,0,0,0,0,0,0,0,i,i,i,i,i,i,i,i,i,i,i,i,i,i,i,i,i,i,i,i,i,i,i,i,38,34,34,66,50,48,30,175,283,52,74286,77631,70384,101177,114941,114709,90177,98020,101974,112137,0,0,7.7,0,3.8,0,0,1,8.2,3.4,,,,,,,,
Tract 106,1418,1216,1141,1670,s,58,s,s,0,1.2,s,s,60,32,37,44,57,78,76,69,61,74,74,92,91,52,40,34,47,40,62,55,41,47,31,113000,112000,103000,124000,120000,138000,166000,206000,295000,411000,479000,477000,443000,367000,456000,446000,463000,534000,618000,597000,660000,3.2,8.2,11,28,35,45,65,61,66,92,118,104,79,51020,53606,48383,61069,65806,75196,87700,103118,106117,127658,35,55,24,18,8.9,2.6,5.4,12,16,17,,,,,,,,
Tract 107,1789,915,1091,1244,s,25,s,s,2.2,1.6,s,s,23,14,0,0,0,1,3,0,0,0,0,0,0,0,0,0,1,0,0,0,0,0,0,i,i,i,i,i,i,i,i,i,i,i,i,i,i,i,i,i,i,i,i,i,i,i,i,129,125,166,166,137,170,173,185,140,92,89543,153999,112032,82810,109626,102663,134064,142356,87597,104418,0,0,2.3,2.4,0,4.5,0,2,2.6,0,,,,,,,,
Tract 108,1756,1468,1224,1034,s,4.5,s,s,3.2,11,s,s,8.6,12,3,0,0,0,0,2,1,0,3,0,0,1,0,0,1,0,0,0,0,0,0,i,i,i,i,i,i,i,i,i,i,i,i,i,i,i,i,i,i,i,i,i,i,i,i,143,17,160,151,185,202,277,210,286,109,112682,76611,62032,97524,96649,52659,66697,64967,79374,100389,0,0,6.3,0,0,0,0,0,0,0,,,,,,,,
Tract 109,1182,1159,1190,1161,s,47,s,s,7.2,13,s,s,7.5,3.2,0,0,0,0,0,0,0,0,0,0,0,0,0,0,0,0,0,0,0,0,0,i,i,i,i,i,i,i,i,i,i,i,i,i,i,i,i,i,i,i,i,i,i,i,i,9.4,19,22,31,19,22,9.4,25,66,38,19730,38799,21723,26270,29694,33947,27044,62118,51814,82234,i,0,0,0,0,17,0,13,33,40,,,,,,,,
Tract 110,2199,2490,2506,2345,s,55,s,s,7.4,0,s,s,55,62,1,0,0,1,0,1,1,2,1,0,0,1,2,0,0,0,0,0,1,0,2,i,i,i,i,i,i,i,i,i,i,i,i,i,i,i,i,i,i,i,i,i,i,i,i,24,35,78,86,96,93,108,131,210,77,66448,89335,79403,76692,74116,80943,73566,83203,82682,96486,14,7.5,1,0.9,0,0.8,0,2.1,2.2,3.5,,,,,,,,
Tract 111,1784,1751,1713,1727,s,62,s,s,2,7.4,s,s,71,68,43,32,51,64,43,43,53,58,66,66,70,51,31,27,19,26,33,39,40,41,42,147000,128000,156000,152000,163000,155000,158000,202000,257000,301000,450000,465000,460000,282000,373000,318000,355000,353000,396000,443000,574000,2.5,13,30,28,38,31,39,39,46,49,62,70,83,53070,54555,52600,55572,59802,64550,74799,85483,99218,106797,14,26,30,29,16,10,13,8.9,26,29,,,,,,,,
,,,,,,,,,,,,,,,,,,,,,,,,,,,,,,,,,,,,,,,,,,,,,,,,,,,,,,,,,,,,,,,,,,,,,,,,,,,,,,,,,,,,,,,,,,,,,,,,,
