GEO2010,TotPop_1980,TotPop_1990,TotPop_2000,TotPop_2010,PctChgTotPop_1980_1990,PctChgTotPop_1990_2000,PctChgTotPop_2000_2010,PctPopUnder18Years_1980,PctPopUnder18Years_1990,PctPopUnder18Years_2000,PctPopUnder18Years_2010,PctChgPopUnder18Years_1980_1990,PctChgPopUnder18Years_1990_2000,PctChgPopUnder18Yea_2000_2010,PctPop65andOverYears_1980,PctPop65andOverYears_1990,PctPop65andOverYears_2000,PctPop65andOverYears_2010,PctChgPop65andOverYear_1980_1990,PctChgPop65andOverYear_1990_2000,PctChgPop65andOverYear_2000_2010,PctBlackNonHispBridge_1990,PctBlackNonHispBridge_2000,PctBlackNonHispBridge_2010,PctWhiteNonHispBridge_1990,PctWhiteNonHispBridge_2000,PctWhiteNonHispBridge_2010,PctHisp_1990,PctHisp_2000,PctHisp_2010,PctAsianPINonHispBridge_1990,PctAsianPINonHispBridge_2000,PctAsianPINonHispBridge_2010,PctForeignBorn_1980,PctForeignBorn_1990,PctForeignBorn_2000,PctForeignBorn_2010_14,PctFamiliesOwnChildrenFH_1990,PctFamiliesOwnChildrenFH_2000,PctFamiliesOwnChildrenFH_2010_14,Pct_births_low_wt_1998,Pct_births_low_wt_1999,Pct_births_low_wt_2000,Pct_births_low_wt_2001,Pct_births_low_wt_2002,Pct_births_low_wt_2003,Pct_births_low_wt_2004,Pct_births_low_wt_2005,Pct_births_low_wt_2006,Pct_births_low_wt_2007,Pct_births_low_wt_2008,Pct_births_low_wt_2009,Pct_births_low_wt_2010,Pct_births_low_wt_2011,Pct_births_teen_1998,Pct_births_teen_1999,Pct_births_teen_2000,Pct_births_teen_2001,Pct_births_teen_2002,Pct_births_teen_2003,Pct_births_teen_2004,Pct_births_teen_2005,Pct_births_teen_2006,Pct_births_teen_2007,Pct_births_teen_2008,Pct_births_teen_2009,Pct_births_teen_2010,Pct_births_teen_2011
Tract 1,4744,4706,4674,4890,s,s,4.6,s,s,8.9,12,s,s,40,16,17,14,18,3.9,-15,32,s,4.8,2.4,s,86,86,4.7,4.1,6.1,s,4.3,4.9,s,s,18,23,s,13,11,0,0,3.6,4.5,2.9,4.6,14,7.7,12,5.2,8.1,5.6,1.9,8.3,0,0,0,0,0,0,0,0,0,0,0,0,0,1.7
Tract 2.01,3201,3829,4460,3916,s,s,-12,s,s,0,0.4,s,s,i,5.5,2.5,1.6,1,-47,-24,-42,s,5.8,7.4,s,84,70,6.4,2.3,7,s,7.8,15,s,s,1.7,16,s,i,i,4,10,7.1,2.3,0,11,7.2,0,3,0,0,0,i,i,4,0,0,0,0,0,0,0,0,0,0,0,i,i
Tract 2.02,3045,3646,3857,5425,s,s,41,s,s,8.3,6.7,s,s,13,5.8,8,8.8,9.9,65,17,57,s,1.4,3.3,s,90,82,6.6,4.2,6.3,s,4.6,8.1,s,s,16,14,s,4.2,17,4.1,9.4,7.3,2.6,0.5,9.7,12,0,2.5,0,4.3,2.5,0,2.5,3.5,0,0.2,0,0,0.1,0,0,0,0,0,0,0,0
Tract 3,5081,5738,5750,6233,s,s,8.4,s,s,6.9,11,s,s,74,11,7,6.2,7.4,-28,-12,30,s,2.8,2.9,s,82,83,5.2,5.7,6.5,s,8.7,7,s,s,19,15,s,12,8.6,5.1,1.4,8.3,5.6,5.7,1.5,3.8,6.3,7.5,3.4,2.2,4.6,8.7,8.2,0,0,1.4,0,0,1.5,0,0,1.5,1.1,0,0,0,0
Tract 4,1577,1399,1501,1455,s,s,-3.1,s,s,15,16,s,s,3.5,23,12,17,19,-54,49,12,s,4.7,3.6,s,90,79,6.9,1.7,8.5,s,2.7,8.1,s,s,23,30,s,0,0,33,0,36,0,0,0,7.7,0,7.1,0,0,0,0,0,0,0,10,0,0,0,0,0,0,0,0,0,0,0
Tract 5.01,2647,2694,2774,3376,s,s,22,s,s,5,5.4,s,s,31,18,16,6.4,8,-11,-58,53,s,5,4.1,s,77,80,7,8.9,6.8,s,8.8,8.9,s,s,21,18,s,4.9,20,10,5.3,4.5,0,16,17,0,11,0,10,10,0,8.6,10,0,0,0,0,0,0,0,0,0,3.4,0,0,0,0
Tract 5.02,3132,3333,3062,3189,s,s,4.1,s,s,9.5,13,s,s,39,18,13,11,12,-25,-21,18,s,3.6,3.4,s,85,80,9.2,6.3,8.5,s,4.7,7.5,s,s,14,16,s,12,2.9,6.3,2.6,6.5,0,5.3,3.9,2.2,5,6.1,9.3,5.9,8.6,0,5.7,3.1,0,0,0,0,0,0,0,0,4.7,0,2.9,0,0
Tract 6,4551,4960,4969,4539,s,s,-8.7,s,s,14,16,s,s,8,20,24,22,18,26,-4.9,-25,s,13,5.7,s,75,81,8.8,7.3,7.3,s,4.4,6,s,s,14,19,s,20,21,9.5,6.3,0,2.5,8.7,4,6.3,4.9,13,7.3,5.9,4.3,7.5,9.4,0,4.2,0,2.5,2.1,0,2.1,0,0,0,0,0,0,0
Tract 7.01,5559,4472,4395,4620,s,s,5.1,s,s,6.5,7.9,s,s,28,33,30,24,23,-26,-23,1.6,s,4,5.3,s,80,78,10,8.7,8.8,s,7.1,7.4,s,s,25,21,s,12,9.6,6.3,13,11,3.6,11,2.7,6.3,4.3,14,2.2,9.3,5,2,5,3.1,0,5.4,0,5.3,2.7,0,0,0,0,1.9,0,0,0
Tract 7.02,2839,3426,3282,3364,s,s,2.5,s,s,7,4.7,s,s,-31,15,11,8.3,8.4,-15,-27,3.7,s,8.3,6.1,s,74,75,13,11,11,s,6.2,7.9,s,s,29,20,s,48,47,0,8.7,3.8,6.3,0,3.7,3.1,9.1,9.1,24,17,0,9.6,2.3,0,0,0,3.2,0,0,3.1,0,0,0,2.8,0,0,0
Tract 8.01,4310,5928,6721,6709,s,s,-0.2,s,s,11,15,s,s,33,19,19,17,20,37,1,18,s,4.7,5.2,s,81,79,5.2,7.5,8.5,s,6.6,7,s,s,28,26,s,19,5.6,2.4,4.5,8.2,5.4,7.7,2.1,4.8,6.4,9,5,6.9,11,2,2,0,0,0,1.8,0,0,0,0,0,0,0,0,0,0
Tract 8.02,2416,2691,2806,2869,s,s,2.2,s,s,12,15,s,s,23,11,9.9,8.6,10,2.7,-9,22,s,2.7,4.1,s,83,77,5.6,5.7,8.1,s,8.8,10,s,s,25,17,s,13,14,2.4,2.2,17,2.6,6.5,9.3,6.4,19,3.2,10,0,13,2.7,5.8,2.4,2.2,2.1,0,0,0,2.1,0,0,0,2.4,0,2.7,0
Tract 9.01,5605,6883,7214,7175,s,s,-0.5,s,s,12,15,s,s,23,9.6,7.1,7.7,12,-9.5,13,62,s,6.6,4.2,s,79,81,5.4,5.4,6.1,s,5.2,8.1,s,s,11,18,s,5.8,5.4,4.4,23,5.4,3.8,3.8,4.1,3.8,2,4.7,9.5,7.3,4.3,6.3,5.7,0,0,0,0,0,0,0,2,0,4.8,0,0,0,0
Tract 9.02,1874,1916,1967,2092,s,s,6.4,s,s,22,26,s,s,27,20,18,13,16,-5.4,-26,26,s,3.4,4.1,s,86,85,4.9,5.9,5.1,s,2.5,5.3,s,s,13,20,s,11,15,5.9,4.2,4.8,5.9,24,14,12,5.3,16,5.9,14,12,18,9.1,2.9,0,4.8,0,0,0,5.9,0,3.2,5.9,0,0,0,0
Tract 10.01,6347,6320,6062,7436,s,s,23,s,s,20,20,s,s,28,27,17,16,13,-36,-9.1,1.4,s,3.5,4.8,s,87,80,5.4,5.1,6.9,s,4.5,7.9,s,s,18,19,s,6.7,10,7.7,6.1,6.6,6.8,4,5.1,2.6,6.4,9.1,1.1,11,7,2.3,6.7,0,0,0,0.8,0,0,0,0,0,1.1,0,0,0,0
Tract 10.02,1991,3534,3465,3442,s,s,-0.7,s,s,5.5,6.3,s,s,14,35,9.5,8.6,8.2,-52,-11,-5.7,s,8.1,6.1,s,71,75,8.8,10,7.9,s,11,11,s,s,29,21,s,35,0,3.4,3.1,0,0,5.6,13,16,3.8,8.3,11,3.3,3.1,2.3,11,0,0,3.8,0,2.8,0,2.3,0,2.8,3.6,0,3.1,0,0
Tract 11,4567,4415,4428,4779,s,s,7.9,s,s,18,17,s,s,1.8,18,18,16,20,-4.3,-13,39,s,6.5,6.7,s,81,79,5.2,4.4,6.4,s,6.7,7.1,s,s,15,13,s,6.5,23,4.3,2,6.2,12,10,5.6,8.8,6.7,3.8,10,8.7,3.3,6.3,6.3,0,0,0,6,0,1.4,0,0,0,0,2.2,0,0,0
Tract 12,4910,4826,4856,5008,s,s,3.1,s,s,14,13,s,s,2,18,14,11,13,-20,-22,17,s,7.4,6.2,s,77,76,8,7.7,8,s,8,9.1,s,s,22,19,s,20,19,1.9,6.5,8.9,8.9,10,0,0,6,6.2,3.2,6.9,2.9,1.6,17,0,0,0,0,0,0,1.5,0,0,1.6,1.7,1.4,0,0
Tract 13.01,3515,3693,3747,3955,s,s,5.6,s,s,11,12,s,s,11,31,20,14,14,-30,-32,11,s,7.8,10,s,78,71,4.1,5.6,7.3,s,8.2,11,s,s,20,16,s,2.4,0,4.2,12,9.7,13,0,4.8,7,19,4.3,17,13,5,16,4.2,0,0,0,0,0,0,0,0,0,0,0,0,0,0
Tract 13.02,5940,6459,6350,6857,s,s,8,s,s,5.7,3.9,s,s,-27,27,22,16,14,-13,-28,-4.1,s,6.1,5.9,s,81,76,8.5,6.9,7,s,5.4,10,s,s,19,21,s,7.9,10,3.7,3.2,3.7,9.6,3.4,11,1.9,9.8,19,2,4.3,14,9.1,5.5,0.4,0,0,2.4,0,0,0,0,0,0,0,0,0,0
Tract 14.01,3282,3077,3150,3078,s,s,-2.3,s,s,20,21,s,s,3,21,16,12,14,-32,-22,20,s,6.5,6.9,s,81,78,5.4,5.7,6.8,s,7.3,7.8,s,s,16,19,s,7.9,11,4.8,8.2,5.6,12,2.3,9.2,8,12,4.9,11,9.7,11,10,6.5,0,3.3,0,0,0,0,1,1.2,0,0,0,0,0,0
Tract 14.02,3054,2863,3925,2998,s,s,-24,s,s,10,18,s,s,37,21,23,41,25,-0.9,148,-54,s,15,13,s,75,73,3,5.2,7.7,s,3.6,6.2,s,s,12,19,s,17,17,4.8,8.2,5.6,12,2.3,9.4,6.2,12,5.1,15,4.5,3.1,3.1,7.8,0,3.3,0,0,0,0,1,1.2,0,0,2.3,0,3.1,2
Tract 15,5579,5570,5649,5911,s,s,4.6,s,s,23,26,s,s,18,22,22,19,21,-0.7,-13,20,s,11,12,s,79,79,1.8,3.5,5.1,s,4.7,3.7,s,s,13,8.4,s,13,4.6,8.9,6,9.8,1.1,5.6,8,5.3,11,6,3.6,6.1,6.6,2.8,3,0,1.5,0,0,0,0,0,0,0,0,0,0,0,0
Tract 16,5101,4485,4030,3957,s,s,-1.8,s,s,18,18,s,s,-0.6,13,17,22,24,17,16,3.6,s,72,69,s,20,24,0.9,4.9,5.1,s,1.3,1.8,s,s,12,8.3,s,32,17,7.1,32,32,7.9,2.6,17,11,18,12,14,3.4,0,5.9,6.1,7.1,2.6,3.2,2.6,5.1,2.8,0,4.5,4.8,2,3.4,0,2.9,3
Tract 17.02,2814,2598,2163,2644,s,s,22,s,s,19,14,s,s,-9.3,11,14,17,14,16,0,2.2,s,80,53,s,16,35,3,1.3,8,s,0.2,3.6,s,s,4,10,s,37,25,14,9.1,17,1.6,5.7,17,7,14,9.4,9.4,13,0,3.6,5.7,5.3,16,2.9,4.9,9.4,11,9.7,7,7.3,9.4,7.5,11,2.4,1.9
Tract 18.03,2829,2707,3066,3514,s,s,15,s,s,19,20,s,s,16,14,17,15,11,13,0,-13,s,71,68,s,6,5.4,7.8,21,24,s,1.4,2.4,s,s,40,46,s,40,15,14,11,1.9,6.4,9.4,13,3.5,8.2,13,4.3,8.8,6.9,4.2,4,9.2,8.2,9.6,8.5,7.5,3.1,5.3,4.9,3.8,4.3,3.9,2.9,3.1,3
Tract 18.04,4205,4237,4156,4480,s,s,7.8,s,s,22,23,s,s,14,9,14,14,12,57,-4.5,-3.2,s,72,67,s,2.1,4.3,10,25,27,s,0.9,1.3,s,s,29,43,s,49,33,11,2.9,13,17,20,13,9.3,6.9,7.3,3.1,6.4,8.4,10,10,28,10,16,7.1,5.6,6.5,13,5.9,8.2,7.3,8.3,7.5,7,9.2
Tract 19.01,4910,4363,3972,4016,s,s,1.1,s,s,20,21,s,s,2.2,11,18,20,18,39,2.4,-9.7,s,91,76,s,1.8,7.1,4.7,7.2,16,s,0.1,0.9,s,s,16,21,s,44,30,12,11,15,0,15,17,9.5,5.5,8.3,6.9,8,20,15,4.2,20,17,8.7,18,19,8.5,13,15,10,11,23,14,18,7
Tract 19.02,2648,2530,2039,1969,s,s,-3.4,s,s,15,17,s,s,9.2,14,18,23,19,22,3.3,-19,s,93,80,s,5.3,9.1,1.7,0.4,9.1,s,1.2,1.4,s,s,5.3,15,s,45,45,14,0,6.7,13,8.7,6.3,9.1,15,4.5,3.3,4.2,4,8.3,4.8,9.1,0,13,4.2,4.3,13,14,7.7,14,0,0,12,13,9.5
Tract 20.01,2315,2452,2486,2340,s,s,-5.9,s,s,18,19,s,s,-2.9,12,14,12,12,24,-17,-5.1,s,66,50,s,14,19,14,19,27,s,0.1,2.9,s,s,23,28,s,38,13,3.8,9.1,13,11,12,14,7.9,7.9,9.6,5.5,4.9,9.6,10,4.7,3.7,4.5,6.5,8.1,3.8,4.8,5.3,7.9,7.7,11,9.8,1.9,4,4.7
Tract 20.02,4497,3965,3730,3813,s,s,2.2,s,s,22,21,s,s,1.7,14,16,17,14,-4,-0.5,-17,s,72,61,s,9.5,15,2,17,21,s,0.6,1.8,s,s,22,20,s,44,44,15,19,8.5,15,15,9,11,11,9.9,16,2.5,6,5.4,3.8,17,6.4,8.5,15,15,13,21,9.5,7,16,16,3.6,14,3.8
Tract 21.01,5816,5287,5233,5309,s,s,1.5,s,s,25,22,s,s,-12,11,14,14,11,14,3.3,-23,s,83,62,s,1,4.9,3.6,16,31,s,0.4,1.9,s,s,20,35,s,49,38,13,11,11,7.7,16,12,12,10,8.4,14,14,7.5,11,8.8,20,22,16,20,18,13,7.7,17,13,12,12,9.6,11,7.2
Tract 21.02,5545,5089,4631,4648,s,s,0.4,s,s,20,21,s,s,9,15,20,19,15,24,-15,-19,s,91,77,s,1,6,0,7.9,16,s,0,0.7,s,s,10,23,s,54,71,16,11,1.7,22,13,9.8,9.1,13,13,20,3.8,11,2.6,14,13,15,5.2,12,17,22,12,9.5,20,15,7.7,8.4,15,8.1
Tract 22.01,4008,3652,3505,3442,s,s,-1.8,s,s,24,21,s,s,-13,14,19,18,15,26,-11,-18,s,84,67,s,1.5,6.6,3,12,24,s,1,1.7,s,s,21,14,s,49,48,12,20,9.1,13,6,12,5.8,5.7,9.7,7.1,10,11,11,10,12,9.1,14,13,14,19,23,15,21,20,12,16,18,12
Tract 22.02,3520,3297,3013,3087,s,s,2.5,s,s,24,21,s,s,-11,13,16,16,11,16,-12,-26,s,91,72,s,0.6,5.7,3.5,7.3,21,s,0.1,1.2,s,s,11,29,s,62,45,18,16,3.4,13,11,8.8,7.1,11,12,8.3,3.1,9.1,11,11,12,8.2,16,11,7.4,18,12,7.5,14,12,20,15,12,13
Tract 23.01,3650,3343,2993,2974,s,s,-0.6,s,s,22,19,s,s,-14,14,18,17,14,14,-14,-21,s,88,72,s,5.5,13,2.2,4,14,s,1.2,1.4,s,s,9.2,17,s,58,51,18,7,9.4,20,21,6.1,4.9,14,15,15,18,5.5,18,1.7,12,9.5,16,15,15,12,9.8,9.5,12,13,11,15,0,8.5
Tract 23.02,3039,4417,1347,2036,s,s,51,s,s,9.3,5.9,s,s,-3.2,42,42,10,48,46,-93,630,s,67,44,s,22,48,2,9.9,4.1,s,1.3,3.2,s,s,16,9.1,s,41,89,20,0,10,0,13,46,0,20,20,7.7,30,0,0,11,10,13,10,17,13,0,0,0,0,7.7,0,0,11,22
Tract 24,4230,3885,3580,3618,s,s,1.1,s,s,23,18,s,s,-20,16,18,17,12,6.9,-16,-26,s,85,63,s,1.7,16,3.3,12,19,s,0.5,2,s,s,15,20,s,45,47,12,16,10,4.4,7,11,15,14,8.2,4,8,5.6,10,14,25,14,31,31,11,15,19,10,6.6,11,8,9.9,10,6.1
Tract 25.01,2690,2313,2383,2554,s,s,7.2,s,s,22,18,s,s,-11,16,20,16,15,5.7,-19,5.1,s,64,56,s,8.9,18,10,24,23,s,2.2,1.3,s,s,26,23,s,28,37,14,25,12,11,10,10,7.1,18,16,15,13,3.8,16,4,31,17,20,11,18,10,14,16,12,11,12,3.8,6.9,8
Tract 25.02,4867,4922,5486,5973,s,s,8.9,s,s,25,19,s,s,-17,17,15,11,7.8,-8.2,-15,-26,s,57,41,s,2.4,14,13,39,42,s,1.8,2.1,s,s,35,26,s,42,44,8.6,7.8,3.9,9.5,7.7,7.4,6.6,5.8,10,9.9,5.7,6.8,5.4,4.7,16,13,9.8,13,15,11,8.2,12,15,8.7,12,10,9.5,4.7
Tract 26,2394,2346,2193,2166,s,s,-1.2,s,s,16,16,s,s,-0.6,18,18,24,19,-5.3,27,-21,s,64,50,s,30,39,2.8,1.6,6.9,s,3.1,3.7,s,s,13,19,s,13,15,6.7,0,0,18,7.1,6.7,5.6,14,0,0,0,14,5.6,4,13,0,11,0,7.1,6.7,0,0,0,0,0,0,0,0
Tract 27.01,4575,4896,5742,5233,s,s,-8.9,s,s,15,12,s,s,-28,9.4,15,9,9.4,72,-30,-4.8,s,32,25,s,32,44,19,28,24,s,6.6,6.3,s,s,37,23,s,23,11,8.8,14,12,4.9,10,6.7,13,3.4,9.8,14,7.5,8.8,9.2,4.1,11,5.5,9.6,8.5,7.8,2.2,1.9,6.8,3.7,12,7.5,13,5.1,2.7
Tract 27.02,5437,6242,6052,5226,s,s,-14,s,s,15,12,s,s,-29,9.8,8,6.8,7.5,-6.9,-17,-5.8,s,22,13,s,38,56,32,34,25,s,6,4.8,s,s,39,22,s,26,20,7.9,7.7,7.2,11,11,9.8,6.5,5.3,4,4.3,6.3,9.5,5.5,13,4.5,12,8.2,7.8,9.8,2.4,1.1,5.3,10,1.1,1,1.2,1.4,1.3
Tract 28.01,2712,3334,3629,3773,s,s,4,s,s,26,17,s,s,-34,9.8,8.1,7.4,6.9,1.1,-0.7,-3.4,s,52,36,s,5.7,22,33,39,37,s,1.8,4.8,s,s,39,38,s,47,48,10,9.1,10,11,12,7.8,9.7,7.6,9.7,6.5,4.5,2.9,9.5,10,13,18,12,11,11,8.9,12,9.9,12,14,8.9,14,2.4,4.7
Tract 28.02,3780,4859,4700,4277,s,s,-9,s,s,24,17,s,s,-36,9.8,8.7,7.7,8.6,14,-15,2.2,s,32,25,s,8.5,27,44,51,43,s,7.8,4.9,s,s,54,41,s,38,61,8.7,9.1,10,11,11,7.8,9.7,7.7,9.7,6.6,6,4.9,7.3,11,14,18,12,11,11,8.9,12,10,12,13,14,15,7.3,5.8
Tract 29,4227,4091,4189,3962,s,s,-5.4,s,s,25,15,s,s,-44,13,14,9.1,5.6,6,-32,-41,s,56,31,s,4.8,29,14,38,35,s,0.8,4.1,s,s,32,29,s,46,37,4.9,9.4,12,9.7,15,11,13,11,8.2,11,6.2,8.9,7.1,5.6,20,14,12,14,13,13,10,14,13,18,11,3.8,16,11
Tract 30,2534,2512,2769,3398,s,s,23,s,s,34,16,s,s,-43,13,11,2.8,6.9,-20,-70,199,s,62,43,s,8.6,36,12,28,16,s,1.5,4.7,s,s,23,9.1,s,56,61,11,8.3,0,8.1,9.3,5,18,16,7.1,5.1,9.3,7.7,11,18,8.9,14,7.7,21,11,20,18,21,18,16,15,12,11,16
Tract 31,3057,3039,2815,2885,s,s,2.5,s,s,23,15,s,s,-30,14,14,13,7.6,-1.7,-14,-38,s,71,37,s,2.7,23,10,26,36,s,0.5,3.8,s,s,31,35,s,55,47,5.4,24,8.2,8.3,16,6.7,5.2,12,12,8.1,11,9.8,11,1.6,14,20,8.2,15,19,18,16,10,14,18,17,3.7,11,8.2
Tract 32,5285,4861,4480,4913,s,s,9.7,s,s,27,19,s,s,-20,16,16,12,8.9,-8.4,-30,-21,s,82,58,s,2,15,4.2,15,24,s,0.2,2.1,s,s,18,19,s,62,56,13,12,18,7.5,7.1,4.9,9.6,3.3,10,10,7.8,7.8,10,8.2,23,17,7.8,16,19,15,9.4,23,13,19,12,7.8,10,13
Tract 33.01,3659,3149,2655,3198,s,s,20,s,s,21,12,s,s,-34,16,14,13,7.5,-24,-23,-30,s,90,64,s,4.1,28,1,4.7,3.9,s,0.5,3,s,s,12,8.6,s,44,33,18,19,13,19,17,19,15,13,7,13,4.7,19,4.2,5.1,33,18,16,11,10,7.1,8.8,2.6,4.7,13,7,16,2.1,2.6
Tract 33.02,2818,1943,1882,2134,s,s,13,s,s,21,13,s,s,-31,14,16,11,6,-16,-38,-36,s,91,59,s,6.2,32,0,2.4,6,s,0.2,2.5,s,s,1.8,13,s,48,31,25,13,17,12,5.3,0,12,15,10,12,6.1,11,8,12,22,35,0,20,26,4.5,4,3,10,3.8,3,0,12,2.3
Tract 34,4598,4694,4249,4347,s,s,2.3,s,s,13,8.1,s,s,-35,13,10,7.3,4.3,-19,-34,-40,s,94,79,s,0.8,12,2.1,3.4,5.5,s,0.7,2.6,s,s,9.8,8.2,s,76,26,16,15,12,24,21,8,24,0,19,17,2.8,19,12,18,24,23,21,18,7.1,4,9.1,18,12,10,8.3,14,18,12
Tract 35,2736,2108,3498,3740,s,s,6.9,s,s,14,9.1,s,s,-30,16,21,8.4,5.7,0.5,-34,-27,s,87,72,s,1,14,6.3,11,9.9,s,1.2,3.4,s,s,14,17,s,53,67,8.3,27,10,15,16,3.4,14,9.1,21,12,12,7.3,14,15,11,20,13,20,21,14,8.3,9.1,18,18,12,24,12,5.9
Tract 36,4974,4272,3915,4208,s,s,7.5,s,s,22,13,s,s,-39,7.7,13,11,7.4,49,-23,-29,s,63,39,s,9.2,36,11,24,19,s,3,4.7,s,s,29,17,s,69,54,8.2,14,7.7,14,13,7.2,10,10,20,9.6,6.3,11,13,7.9,21,16,17,19,20,7.2,11,3.4,13,9.6,14,6.9,12,0
Tract 37,4764,5514,4990,5763,s,s,15,s,s,23,17,s,s,-17,6.6,6.4,4.5,4.3,11,-35,8.4,s,57,43,s,8.7,26,25,33,26,s,1.2,4.4,s,s,31,22,s,60,83,11,14,6.1,5.6,4.5,12,11,15,8.5,11,8.3,6.7,6.8,6,21,23,19,20,16,4.3,8.7,9.1,16,17,17,9.5,7.8,6
Tract 38,4108,4427,4718,4614,s,s,-2.2,s,s,17,9.5,s,s,-46,8.8,6.5,4.8,6.7,-20,-22,38,s,34,19,s,35,54,18,27,20,s,3.8,6.9,s,s,34,27,s,38,5.6,9.7,7.5,18,7.6,0,9.3,5.6,4,7.1,8.3,14,7.8,5.1,14,11,17,18,9.1,15,5.6,7.4,6,13,12,9.5,7.8,3.3,6
Tract 39,5223,4593,4643,4474,s,s,-3.6,s,s,7.4,5.6,s,s,-28,7.1,4.4,4.1,7.1,-45,-5.4,65,s,21,13,s,54,67,20,19,12,s,6.5,6.2,s,s,28,15,s,22,14,4.5,5.6,12,8,2.4,10,5.4,7.7,2.3,2,4.2,11,4.8,0,2.3,1.9,12,8,7.3,7.7,5.4,7.7,2.3,8,4.2,0,1.6,2.5
Tract 40.01,3015,2860,3331,3745,s,s,12,s,s,3.2,6.9,s,s,140,13,7.5,7.6,10,-45,18,48,s,5,4.3,s,81,80,11,6,9.2,s,6.8,5.9,s,s,17,11,s,18,8.9,13,8.2,11,11,6,9.6,9.7,11,9.4,7.7,8.8,0,5,10,1.8,4.1,3.6,0,0,0,0,0,1.9,3.1,2.9,0,0,0
Tract 40.02,3006,3181,2954,2797,s,s,-5.3,s,s,8.3,5.1,s,s,-42,13,9,5,7.4,-27,-49,41,s,12,8.3,s,68,75,12,12,8.9,s,7.6,7.8,s,s,19,22,s,29,0,13,8.2,11,11,6,10,6.7,11,8.2,7.9,4.8,6.1,5.6,0,1.8,4.1,3.6,0,0,0,0,0,1.6,0,4.8,3,0,0
Tract 41,2797,2751,2521,2708,s,s,7.4,s,s,5.6,8.3,s,s,60,16,14,13,17,-11,-17,38,s,3.2,5,s,82,77,7.8,7.6,9.6,s,7.3,7.5,s,s,22,21,s,3.6,7.4,0,13,0,4.8,3.7,8,14,4.5,3.4,8.8,0,11,20,0,0,0,0,0,3.7,0,3.6,0,0,0,0,0,0,0
Tract 42.01,3724,3714,3359,3342,s,s,-0.5,s,s,5.3,3.6,s,s,-33,8.2,4,4.5,4,-52,2.7,-13,s,13,7.9,s,71,76,14,11,8,s,4.5,7.5,s,s,16,17,s,33,42,16,0,11,7.1,11,4.8,9.5,7.4,0,8.3,8.8,3.6,3.8,13,5.3,14,5.3,0,11,4.8,0,0,0,0,0,0,0,0
Tract 42.02,2873,2604,2938,2771,s,s,-5.7,s,s,3.9,2.9,s,s,-30,9.9,8.1,6,6.9,-25,-17,9.1,s,8.5,5.1,s,72,77,11,8.7,7.8,s,10,9.5,s,s,22,15,s,6.1,0,0,10,13,11,0,11,5.6,7.1,18,0,0,18,0,0,7.1,0,6.3,11,0,0,0,0,0,0,0,0,0,0
Tract 43,3139,3280,3429,3255,s,s,-5.1,s,s,14,9,s,s,-38,21,16,11,10,-20,-30,-6.8,s,41,28,s,37,51,14,19,15,s,2.8,5.5,s,s,26,22,s,46,15,5.4,8.3,14,6.3,11,15,8.6,3.1,13,5.9,8.8,14,2.5,5,8.1,10,18,6.3,14,7.4,17,9.4,15,12,8.8,12,5,0
Tract 44,3598,2951,2450,4572,s,s,87,s,s,18,6.8,s,s,-30,14,8.6,8,4.8,-48,-23,12,s,58,22,s,22,61,12,17,9.1,s,1.7,6.8,s,s,14,15,s,49,10,2.9,12,12,10,21,7.3,6.9,12,2.4,20,7,15,12,6.8,19,27,18,6.7,7.7,2.4,0,2,2.5,4.9,1.4,3.6,4.1,0
Tract 46,3349,3469,2997,3028,s,s,1,s,s,27,16,s,s,-39,12,10,8.2,7.7,-15,-31,-5.3,s,92,65,s,3.4,23,2.3,4.3,7.3,s,0.2,4,s,s,7.2,7.8,s,58,52,16,25,20,30,19,13,19,15,9.8,22,12,14,15,18,13,27,18,11,23,20,16,6.5,2.4,16,10,6.8,7.5,6.7
Tract 47.01,3311,3697,3440,3986,s,s,16,s,s,33,23,s,s,-19,10,16,17,12,80,-4.9,-14,s,93,69,s,3.7,14,0.7,1.3,2.7,s,2.1,14,s,s,6.1,13,s,81,82,18,16,11,15,14,20,20,13,12,13,9,13,8.3,9.3,20,14,14,23,18,16,16,20,21,9.9,14,16,9.3,11
Tract 47.02,907,1012,942,1802,s,s,91,s,s,33,8.6,s,s,-50,10,16,17,15,80,-4.9,67,s,93,48,s,3.7,37,0.7,1.3,5.3,s,2.1,9.7,s,s,6.1,11,s,81,47,18,16,11,15,14,20,20,13,12,13,9,13,8.3,9.3,20,14,14,23,18,16,16,20,21,9.9,14,16,9.3,11
Tract 48.01,1963,2112,1810,2143,s,s,18,s,s,17,9.8,s,s,-34,16,17,16,11,20,-20,-17,s,78,47,s,4.5,36,1.8,10,8.9,s,6.8,7.4,s,s,20,14,s,47,7.3,21,7.4,15,3.8,8,3.7,13,7.4,10,14,17,4.5,7.7,18,16,19,30,19,4,7.4,13,22,10,0,14,9.1,12,3.6
Tract 48.02,3131,3133,2919,2922,s,s,0.1,s,s,27,15,s,s,-45,10,9.7,9.7,10,-4.1,-6.9,3.9,s,76,51,s,7.8,27,3.9,5.4,7.6,s,11,13,s,s,15,22,s,68,31,9.8,11,13,10,17,10,12,13,12,5.1,11,5.4,17,0,20,14,16,5.1,13,13,2.4,8.3,12,15,14,8.1,11,5.2
Tract 49.01,2410,1983,2035,2087,s,s,2.6,s,s,23,19,s,s,-18,11,9.8,9,6.8,-26,-5.6,-23,s,81,52,s,13,33,1.9,2.5,8.5,s,2.2,5.2,s,s,6.3,18,s,61,51,12,6.5,8.8,9.1,3.8,3.3,11,13,28,18,5.9,8.3,0,17,16,13,21,25,19,6.7,5.7,3.2,6.9,13,8.8,25,9.5,5.6
Tract 49.02,1660,1585,2264,2690,s,s,19,s,s,25,12,s,s,-41,13,7.3,4.7,3.9,-46,-8.6,-1.9,s,58,31,s,11,45,24,29,17,s,1.5,6.9,s,s,27,22,s,38,65,7.5,8.6,29,17,29,13,11,17,8.6,8.9,13,8.2,3.7,2.4,18,5.7,13,0,13,11,16,5.6,8.6,13,11,8.2,3.7,7.1
Tract 50.01,860,1017,1147,1955,s,s,70,s,s,13,7.8,s,s,6.4,16,9.9,7.8,5.2,-26,-11,13,s,38,25,s,27,60,16,30,8.6,s,5.8,5.8,s,s,33,14,s,28,0,7.9,12,6.5,7.3,12,6.1,7.1,6.1,9.4,6.7,7.2,14,4.6,8.8,10,12,16,10,6.5,2.4,7.1,4.9,11,6.7,8.1,7.1,6.5,4.4
Tract 50.02,4595,5435,6131,6021,s,s,-1.8,s,s,13,9,s,s,-30,16,9.9,7.8,5.9,-26,-11,-26,s,38,19,s,27,46,16,30,28,s,5.8,6.5,s,s,33,27,s,28,5.8,7.9,12,6.5,7.3,12,6.1,7.1,6.1,9.4,6.7,7.2,14,4.6,8.8,10,12,16,10,6.5,2.4,7.1,4.9,11,6.7,8.1,7.1,6.5,4.4
Tract 52.01,4018,4602,4559,6077,s,s,33,s,s,8,4.4,s,s,-27,13,7.7,7.1,5.9,-30,-8.5,11,s,25,13,s,55,67,6.4,13,10,s,6.2,8.6,s,s,23,18,s,44,0,11,12,13,5.6,11,12,11,10,3.5,8.5,11,9.8,11,8.3,6.8,8.8,11,11,13,0,11,2,5.3,10,8.2,5.9,0,0
Tract 53.01,4660,5075,5045,5051,s,s,0.1,s,s,3,2.6,s,s,-13,8.1,5.6,5.2,6.6,-25,-6.7,27,s,6.1,4,s,75,76,20,10,8.6,s,7.4,11,s,s,22,15,s,61,0,0,3.1,9.1,5,7.1,3.8,11,9.1,12,10,13,2.8,0,14,13,0,4.5,4.8,0,0,7.4,0,0,6.7,6.7,0,0,0
Tract 55,4070,4045,4696,6671,s,s,42,s,s,2.8,2.9,s,s,48,11,6.5,11,9.5,-40,94,25,s,8.4,10,s,77,72,5.3,5.8,7.4,s,8.6,10,s,s,26,23,s,8.5,43,3.8,2.9,6.5,6.1,6.9,6,8.3,13,11,2.3,11,9.1,6,11,0,2.9,0,0,0,0,0,2.6,0,0,0,0,1.5,1.4
Tract 56,4965,4658,5954,6756,s,s,13,s,s,1.6,1.9,s,s,37,19,25,20,15,22,2.3,-14,s,7,8.7,s,76,71,5.6,6,6.3,s,11,13,s,s,23,25,s,21,0,5,18,13,0,17,15,0,15,0,11,8.7,3.7,0,9.5,5,0,0,0,0,0,0,7.7,0,0,0,0,0,0
Tract 58,1085,718,1422,2830,s,s,99,s,s,7.2,4.2,s,s,17,20,26,17,11,-11,27,32,s,13,10,s,41,60,1.8,6,6.4,s,40,23,s,s,43,23,s,13,6.7,0,0,10,20,7.1,0,9.1,13,3.3,0,7.5,18,18,11,0,0,0,5,0,0,0,0,0,0,0,0,0,0
Tract 59,1082,1996,1995,2998,s,s,50,s,s,10,3.8,s,s,-46,28,15,11,5.1,1.6,-30,-29,s,85,28,s,8.5,54,4.2,5.7,7.4,s,1.2,10,s,s,6.3,16,s,40,0,31,25,10,41,25,17,6.7,32,16,20,0,11,14,21,13,8.3,20,18,8.3,22,0,5.3,16,0,7.7,5.3,0,7.1
Tract 62.02,0,54,0,33,s,s,i,s,s,i,12,s,s,i,i,15,i,0,i,-100,i,s,i,76,s,i,21,52,i,0,s,i,3,s,s,i,i,s,i,i,i,0,13,0,0,0,0,0,0,0,0,i,0,i,i,0,11,0,0,0,0,0,18,0,0,i,0,i
Tract 64,3403,2649,2164,2139,s,s,-1.2,s,s,26,27,s,s,3.8,7.5,7.2,20,11,-25,128,-45,s,91,87,s,3.8,6.2,0.4,3.6,3,s,1,2,s,s,6,5.2,s,83,95,22,25,22,27,11,8.6,13,13,15,17,9.8,4.7,15,10,18,16,17,27,27,23,20,22,21,21,26,17,22,23
Tract 65,2560,2368,2518,2531,s,s,0.5,s,s,8.6,9.3,s,s,8.8,8.6,7.3,7,9.7,-22,2.9,38,s,10,9.4,s,82,79,0.8,3.3,4.9,s,4.2,5.6,s,s,9.3,9.8,s,17,7,17,5.3,4.3,16,0,11,3.8,0,9.7,4.5,0,13,19,8,0,0,0,0,0,0,0,0,0,0,0,2.6,0,0
Tract 66,2001,1819,1741,1909,s,s,9.6,s,s,5.9,12,s,s,122,11,8.2,9.5,14,-31,10,61,s,5.8,3.7,s,89,87,2.2,1.7,4.1,s,3.6,4.3,s,s,9,10,s,15,0,0,0,0,13,4.2,5.9,0,16,9.5,0,0,8,0,3.7,0,5.6,0,0,0,0,0,0,0,0,0,0,0,0
Tract 67,3744,3480,3543,3775,s,s,6.5,s,s,10,13,s,s,39,9,8,6.9,10,-18,-12,60,s,22,13,s,70,79,0.9,4.7,3.9,s,2.9,4.2,s,s,6.9,8.3,s,19,9.8,10,13,3.3,0,13,3.6,6,7.1,11,8.5,10,5.4,18,7.7,3.3,5.3,10,0,0,1.8,0,3.6,0,0,0,3.6,0,1.9
Tract 68.01,2811,2322,2071,1949,s,s,-5.9,s,s,23,13,s,s,-44,11,13,14,10,-3.2,-4.9,-32,s,91,62,s,5.2,31,1.5,2.8,3.8,s,0.1,2.7,s,s,2.3,4.2,s,59,72,23,14,19,4,15,12,0,5.9,0,20,19,6.9,0,17,13,24,13,28,15,24,5,18,7.1,3.3,15,3.4,11,12
Tract 68.02,2782,2465,2029,2084,s,s,2.7,s,s,12,16,s,s,32,13,15,18,11,5.7,-1.6,-39,s,81,49,s,16,43,1.2,2.2,4.5,s,0,2.4,s,s,2.1,4.7,s,49,30,8.1,19,6.7,8,9.1,18,12,12,9.4,15,24,14,4.5,11,30,12,23,24,4.5,11,9.8,7.7,9.4,0,2.6,11,2.3,5.4
Tract 68.04,2039,3167,2640,3670,s,s,39,s,s,7.7,7.5,s,s,34,7.8,1.6,1.8,0.9,-68,-5.9,-33,s,89,87,s,7.9,2.5,4.2,1.7,8.6,s,1,0.8,s,s,3,7.1,s,0,i,0,i,i,0,0,20,20,25,40,20,0,0,9.4,16,0,i,i,0,0,0,20,0,0,20,0,29,8.9,0.7
Tract 69,2418,2035,1805,2179,s,s,21,s,s,12,13,s,s,37,12,14,13,10,-7.6,-14,-6.3,s,55,29,s,37,62,1.5,5.2,4,s,2.4,4.5,s,s,5.4,7.1,s,39,4.8,0,0,8.7,12,4.5,6.9,8.3,10,4.8,5.6,2.9,0,5.9,4.4,14,17,0,7.7,9.1,3.4,0,3.3,0,5.7,2.9,4.8,0,2.2
Tract 70,2762,2193,2142,2812,s,s,31,s,s,8.4,7.7,s,s,21,9.4,6.3,5.6,7.9,-47,-14,85,s,25,16,s,67,75,1.4,2.9,5.8,s,4.8,3.3,s,s,6.5,8,s,46,7.4,0,18,9.5,5.9,4,0,13,7.1,3.4,3.3,12,0,5.7,13,0,18,0,0,4,3.8,6.7,0,3.4,3.3,2.4,5,2.9,0
Tract 71,3279,2880,2780,2911,s,s,4.7,s,s,36,21,s,s,-38,8.5,10,7.8,6.7,7.1,-28,-9.7,s,83,59,s,10,31,1.4,5,5.4,s,0.8,3.5,s,s,6,7.5,s,77,52,14,16,23,14,13,7.3,15,15,17,13,10,9.1,9.8,12,5.6,21,19,19,18,22,26,22,14,32,17,11,16,14
Tract 72,2994,2160,1853,2794,s,s,51,s,s,30,4.9,s,s,-75,8.7,15,14,8.5,22,-17,-9.5,s,97,32,s,2.6,57,0,0,5.5,s,0,6,s,s,0,6.8,s,88,43,21,18,18,4,18,13,38,33,0,0,29,0,15,5.5,23,21,27,28,25,17,25,17,33,0,0,0,0,1.8
Tract 73.01,7066,7765,5232,3012,s,s,-42,s,s,37,31,s,s,-51,0.2,0.4,0.6,0.5,100,-6.3,-53,s,31,27,s,55,54,6.7,8.8,13,s,4.6,5.7,s,s,7,6.5,s,13,8.8,8.3,8.7,6,7.9,7.8,6.7,7.3,8.5,7.2,6.1,6.6,7.8,10,4.8,4.8,1.7,3.8,2.4,7.8,9.6,2.4,6.6,2.1,3.1,2.2,5.6,6.9,3.2
Tract 73.04,4090,4483,4660,3546,s,s,-24,s,s,41,32,s,s,-41,3.2,7.8,7.3,11,167,-3.4,16,s,97,97,s,0.9,1.1,0.6,0,1.1,s,0.9,0.3,s,s,1.2,2.2,s,74,72,9.6,18,18,14,15,16,14,17,17,14,5.5,14,8.3,7.4,18,19,22,20,21,27,23,24,18,17,25,24,25,20
Tract 74.01,3985,2685,2996,2414,s,s,-19,s,s,45,39,s,s,-30,4,3.1,5,5.2,-48,77,-16,s,98,98,s,1.3,0.6,0,0.7,1.3,s,0,0.2,s,s,1.5,2.4,s,82,86,22,19,20,24,19,16,18,12,8.4,14,8.8,15,17,16,22,20,31,29,33,26,21,33,35,24,25,24,28,24
Tract 74.03,3257,2481,2304,2859,s,s,24,s,s,38,32,s,s,3.4,3.3,4.2,6.2,6.2,-3.7,38,25,s,99,98,s,0,0.4,0,0.7,0.8,s,0,0.2,s,s,0.3,1.7,s,66,80,13,20,12,15,18,19,16,17,14,15,14,8.7,16,6.6,15,13,14,17,14,14,12,14,21,21,22,23,17,13
Tract 74.04,6030,4112,3318,3310,s,s,-0.2,s,s,47,37,s,s,-22,1.9,4.9,5,4.9,79,-17,-3.6,s,99,97,s,0,0.9,0,0.2,1.9,s,0,0.3,s,s,0.5,1.2,s,84,79,19,15,16,5.4,16,13,11,0,15,23,9.1,13,17,14,24,24,23,24,31,10,18,13,31,18,29,24,17,35
Tract 74.06,3307,2414,3148,3063,s,s,-2.7,s,s,50,40,s,s,-22,1.3,3.2,2.3,3.6,81,-7.7,54,s,100,97,s,0,0.4,0,0,2.3,s,0.1,0.1,s,s,0.4,1.3,s,80,71,12,9.4,12,12,17,16,19,9.7,16,16,15,20,10,18,23,21,24,16,16,24,24,24,18,20,20,16,23,23
Tract 74.07,3679,3136,2452,2587,s,s,5.5,s,s,30,28,s,s,0,6.5,8.5,9.7,8.2,11,-10,-11,s,98,97,s,0.9,1.2,0.4,0,1.4,s,1.1,0.4,s,s,2.2,1.4,s,51,90,18,11,9.3,14,11,15,8.1,13,14,15,11,23,23,19,26,29,17,14,13,15,18,15,9.4,17,14,25,15,24
Tract 74.08,2243,3079,2174,3038,s,s,40,s,s,42,33,s,s,11,5.4,8.1,6.6,4.4,104,-42,-6.3,s,100,98,s,0,0.9,0,0,1.1,s,0,0.1,s,s,0.5,1,s,85,88,7.8,9.4,20,16,19,16,18,8.7,23,14,18,13,18,14,31,30,22,24,24,21,24,4.3,18,17,17,15,18,20
Tract 74.09,3965,2939,3436,3499,s,s,1.8,s,s,38,35,s,s,-8.3,3.3,10,6.8,5.6,131,-23,-16,s,98,98,s,0.3,0.3,0.7,1.4,1,s,0.5,0.2,s,s,0.6,1.6,s,78,85,13,20,12,12,16,19,15,15,16,13,19,8.9,13,17,15,13,14,19,14,14,15,14,22,21,26,11,12,16
Tract 75.02,4136,4394,4221,4541,s,s,7.6,s,s,34,28,s,s,-10,5,15,6.9,11,216,-55,79,s,98,97,s,0.9,0.8,2.3,0.4,1.3,s,0.5,0.2,s,s,1,2.1,s,71,88,i,i,100,i,0,50,0,100,0,11,11,12,5.4,19,i,i,0,i,0,0,0,0,20,19,26,27,22,22
Tract 75.03,3392,2941,2699,2425,s,s,-10,s,s,36,32,s,s,-20,5.6,7.8,7.9,8.5,21,-7,-4.2,s,98,96,s,1.4,1.5,0.9,0.7,1.5,s,0.1,0.3,s,s,1.2,2.8,s,79,88,20,20,17,13,18,16,18,14,19,16,20,12,19,9.3,22,31,22,18,20,17,15,22,21,27,27,27,23,20
Tract 75.04,3002,2748,2174,2451,s,s,13,s,s,37,33,s,s,0.4,5.7,7.2,8.4,7.3,16,-7.1,-1.6,s,96,98,s,3,1,0.7,0,0.2,s,0.3,0.2,s,s,1.3,2.5,s,77,77,20,12,20,16,19,13,19,15,18,14,22,20,15,16,25,25,18,19,19,15,9,15,20,27,17,18,8.1,14
Tract 76.01,5893,5226,4572,4355,s,s,-4.7,s,s,25,22,s,s,-16,7.5,8.5,11,14,0.5,13,22,s,96,95,s,1.4,2.9,0,1.3,1.4,s,0.4,0.6,s,s,2.6,2.6,s,66,69,21,12,12,14,16,9.4,11,12,13,12,11,4.5,13,17,22,20,31,23,28,21,26,22,20,33,18,27,25,19
Tract 76.03,4536,4346,4261,4044,s,s,-5.1,s,s,22,18,s,s,-24,16,14,15,16,-11,-0.3,3,s,91,91,s,5,5.6,3.2,2.5,2.2,s,0.1,0.5,s,s,3.1,3.8,s,62,82,22,29,13,9.8,6.5,11,13,0,3.9,15,5.6,22,12,18,11,16,16,14,8.7,11,13,2.4,14,6.5,15,12,16,15
Tract 76.04,4642,4410,3764,3644,s,s,-3.2,s,s,22,18,s,s,-22,6.7,9,13,16,29,22,23,s,94,94,s,4.7,3.6,1.7,0.2,1.6,s,0.6,0.3,s,s,1.5,2.9,s,65,70,14,11,8.9,15,7.7,9.5,4.9,18,13,10,21,23,12,15,14,11,20,15,18,17,9.8,8.2,4.3,8,15,12,8,14
Tract 76.05,4016,3878,3721,3447,s,s,-7.4,s,s,24,20,s,s,-22,6.3,8.3,10,12,28,18,11,s,99,97,s,0.3,1.1,0.9,0.3,1.2,s,0.6,0.3,s,s,2,7.9,s,68,38,14,13,19,17,5.1,13,10,6.5,31,10,20,8,21,16,14,20,14,17,10,15,23,26,12,10,21,20,17,15
Tract 77.03,6849,5664,4615,5187,s,s,12,s,s,34,29,s,s,-2.5,4.1,8.2,9.5,9.6,67,-5.6,13,s,95,95,s,0.6,0.6,1.9,2.8,3.6,s,0,0.1,s,s,2.6,2.9,s,81,92,14,23,13,22,14,11,18,18,8,15,8.4,13,15,13,22,23,24,18,14,19,18,18,14,16,18,23,12,24
Tract 77.07,4780,4198,3796,3867,s,s,1.9,s,s,27,27,s,s,-1.4,6.9,13,17,17,61,22,-0.9,s,99,97,s,0.7,1.1,0.4,0,1.7,s,0.4,0,s,s,1.2,0,s,56,75,14,18,19,23,10,16,22,14,18,11,18,14,14,18,17,21,14,19,24,19,17,18,21,20,13,18,18,12
Tract 77.08,2958,2867,2654,2486,s,s,-6.3,s,s,30,26,s,s,-19,4.2,5.8,9.3,10,32,50,0,s,99,98,s,0,0.4,0.6,0,1.4,s,0,0.1,s,s,0.3,0.2,s,80,61,17,9.4,15,10,12,23,5.3,13,22,14,7.8,2.2,11,11,17,25,10,18,24,35,21,13,5,16,24,20,20,17
Tract 77.09,2594,2367,2031,2007,s,s,-1.2,s,s,24,20,s,s,-16,13,14,11,15,0.9,-33,36,s,97,95,s,1.7,1.4,1.1,1.4,2.3,s,0,0.1,s,s,0.8,4.2,s,56,92,0,10,21,18,21,16,9.1,12,21,16,4.3,16,15,18,19,34,25,18,21,12,14,24,21,38,4.3,23,15,21
Tract 78.03,4644,3812,3092,3293,s,s,6.5,s,s,24,23,s,s,-0.7,11,15,15,13,10,-20,-8.9,s,97,95,s,1.1,0.7,0.2,1.6,3.1,s,0.2,0.3,s,s,1.8,5.3,s,60,81,11,25,17,20,22,11,13,8.3,8.9,11,13,9.5,5.7,18,26,14,26,12,22,30,8.3,13,22,20,23,19,34,18
Tract 78.04,4207,3836,3390,3446,s,s,1.7,s,s,31,29,s,s,-3.2,10,18,19,13,64,-10,-27,s,98,97,s,0.8,0.6,1.6,0.4,2,s,0.2,0.2,s,s,0.9,6.3,s,74,65,13,17,12,22,12,21,9.9,12,15,12,14,21,13,14,15,24,31,16,16,16,18,8.5,17,17,22,36,22,18
Tract 78.06,2921,2415,2103,2347,s,s,12,s,s,23,23,s,s,16,10,14,14,12,13,-18,2.8,s,99,95,s,0,0.9,0.2,0.6,3.2,s,0.6,0.1,s,s,0.6,1.4,s,46,87,18,13,15,16,8.6,11,22,13,16,16,14,5.3,14,11,18,28,27,23,16,18,25,6.5,27,20,24,16,14,20
Tract 78.07,2439,2245,1941,2139,s,s,10,s,s,29,26,s,s,-2.8,7.3,8.4,13,11,5.6,29,0,s,98,97,s,0.6,0.4,1.6,1.2,2.3,s,0,0.3,s,s,0.6,5,s,73,65,14,13,3,14,17,11,23,17,9.5,8.3,8.5,15,26,9.1,21,25,12,14,17,7.4,7.7,34,24,22,13,36,21,25
Tract 78.08,5989,4739,4112,3646,s,s,-11,s,s,37,30,s,s,-28,6.8,12,10,13,33,-23,12,s,98,96,s,1,0.8,0,0.6,2.1,s,0,0.3,s,s,0.5,13,s,73,69,23,17,8.1,19,18,22,20,15,11,22,18,9.9,9.7,16,24,20,24,26,22,26,13,32,21,26,23,35,26,24
Tract 78.09,3492,2821,2567,2922,s,s,14,s,s,19,27,s,s,60,10,16,15,11,20,-13,-17,s,99,96,s,0.7,1.2,0.9,0.5,2.9,s,0,0.1,s,s,1.1,5.6,s,70,90,17,13,15,16,11,11,22,14,16,16,5,13,4.2,16,17,28,27,23,16,15,25,6.8,27,20,17,29,17,25
Tract 79.01,4647,3938,3680,3822,s,s,3.9,s,s,30,27,s,s,-5.1,12,11,12,8.3,-19,4.1,-30,s,97,87,s,0.6,9.2,2.9,1,3,s,0.6,0.7,s,s,1.9,1.5,s,81,69,18,16,12,23,15,17,13,15,15,18,16,9.5,9.4,26,24,20,20,7.8,24,14,26,21,14,16,14,12,12,13
Tract 79.03,2444,1956,1834,1774,s,s,-3.3,s,s,20,21,s,s,0.3,21,26,18,14,1.2,-36,-22,s,100,87,s,0,6.8,0,0,5.4,s,0,0.5,s,s,2.3,2,s,53,59,12,29,5.9,26,10,9.1,17,12,12,3.4,13,19,16,12,40,21,24,17,5,18,4.3,8.8,19,6.9,13,19,5,7.7
Tract 80.01,3498,2983,2650,2784,s,s,5.1,s,s,24,14,s,s,-38,12,14,13,9.6,-0.5,-16,-24,s,85,46,s,11,46,0.3,2.5,5,s,0.6,2.8,s,s,3.6,12,s,53,22,12,17,10,28,14,13,17,4.8,4.4,7.1,2.5,13,9.1,10,12,8.7,15,14,9.1,16,20,9.5,13,0,2.5,1.6,0,3.3
Tract 80.02,3520,3549,3097,3031,s,s,-2.1,s,s,14,14,s,s,-6.7,11,11,9.3,8.7,0.5,-29,-7.7,s,66,39,s,30,53,0.9,2.1,3.8,s,1.5,3.5,s,s,3.5,7,s,54,21,12,6.3,13,11,7.4,11,6.8,20,1.9,19,15,10,8.4,2.1,20,16,15,11,0,14,8.9,0,7.5,8.5,4.9,4.1,8.4,6.4
Tract 81,3208,2718,2462,2910,s,s,18,s,s,8.9,12,s,s,63,8.7,7.3,8.9,9,-29,11,19,s,36,15,s,58,76,3.2,1.9,4.6,s,3.4,4.1,s,s,8.5,6.1,s,20,7,16,19,5,12,13,5.9,8.9,7,6.8,4.5,2.2,4.4,13,3.6,9.4,9.4,5,0,0,0,2.2,0,4.5,2.3,2.2,0,1.9,0
Tract 82,2509,2713,2543,2918,s,s,15,s,s,6.9,8.4,s,s,39,11,8.8,6.5,9.1,-9.4,-31,60,s,6.8,5.6,s,89,84,2.5,2.6,4.6,s,2,5.3,s,s,5.6,9.3,s,8.8,10,7.7,22,17,14,6.9,0,0,3.4,0,0,15,0,6.9,12,0,0,0,0,0,0,0,0,0,0,3.8,0,0,0
Tract 83.01,2351,2380,2311,2279,s,s,-1.4,s,s,13,11,s,s,-18,12,8.1,6.2,5.2,-31,-25,-17,s,37,17,s,54,75,3.7,3.8,3.5,s,3.9,4.1,s,s,4.8,6.4,s,50,11,11,8.7,0,3.3,5.9,0,6.7,13,18,5.7,10,17,7.1,10,18,4.3,3.8,3.3,0,8.7,6.7,3.2,5.9,11,6.7,3.3,2.4,2.1
Tract 83.02,2375,1930,1850,2206,s,s,19,s,s,7.9,12,s,s,81,12,11,13,10,-28,16,-5.4,s,39,23,s,55,68,2.5,3.4,4.3,s,2.5,4.4,s,s,6.6,6.6,s,31,0,7.1,0,0,18,3.6,11,11,3.2,6.5,9.1,9.4,2.9,17,14,0,0,4,4.5,0,7.1,7.1,0,3.2,3.1,0,0,0,0
Tract 84.02,2233,2780,2200,2149,s,s,-2.3,s,s,16,11,s,s,-36,11,15,18,15,75,-5.1,-20,s,77,40,s,20,52,2.9,0.5,4.6,s,2.4,3.3,s,s,6.6,6.3,s,59,26,27,14,7.1,9.1,9.1,4.8,5,8.7,12,0,5.6,8.7,0,5,14,9.1,11,9.1,9.1,4.8,10,13,12,8.8,2.8,0,5.6,2.5
Tract 84.10,2227,1697,1445,1489,s,s,3,s,s,23,17,s,s,-23,14,15,12,9.6,-19,-30,-18,s,86,64,s,5.7,28,0,6.9,4.8,s,0.1,1.9,s,s,5.1,5.9,s,47,49,4.2,10,10,19,15,19,26,4.8,5.3,11,4.8,0,19,9.7,21,25,24,7.7,18,19,13,5,11,7.7,14,13,0,3.2
Tract 87.01,3181,2814,2467,2407,s,s,-2.4,s,s,23,18,s,s,-25,13,19,14,9.1,29,-33,-39,s,97,78,s,1.3,15,0.7,1.9,4.7,s,0,1.9,s,s,3.2,7.8,s,57,82,23,14,14,16,18,5.3,0,8.8,5.6,4.5,11,18,2.8,17,30,27,27,24,21,13,22,18,17,14,17,16,17,17
Tract 87.02,2079,2093,1864,1599,s,s,-14,s,s,27,17,s,s,-46,8.9,11,12,9.3,27,-5.1,-34,s,95,81,s,1.8,11,4.1,1.7,6.4,s,0,0.9,s,s,2.4,7.3,s,69,78,19,19,15,11,12,4,7.4,0,6.5,12,3.8,13,11,5,7.7,31,21,26,15,12,19,4.2,16,7.7,19,22,11,5
Tract 88.02,5224,4772,4068,4119,s,s,1.3,s,s,25,20,s,s,-21,14,20,18,14,30,-26,-17,s,98,88,s,0.4,6.6,0,1.1,4.2,s,0.4,1,s,s,3.9,7,s,64,69,27,17,19,16,8.6,14,19,14,18,12,17,11,14,11,25,17,21,27,14,30,16,14,24,20,24,18,15,13
Tract 88.03,2659,2213,1940,2037,s,s,5,s,s,18,16,s,s,-8.1,5.4,8.9,4.7,3.8,38,-54,-15,s,62,56,s,32,31,0.9,3.2,8.2,s,2.6,4.1,s,s,7.5,12,s,82,84,15,26,9.4,20,12,22,7.7,18,19,19,0,26,10,6.1,27,15,25,17,18,13,15,14,14,19,17,11,15,15
Tract 88.04,3350,3065,2347,2412,s,s,2.8,s,s,26,22,s,s,-13,11,10,14,9.2,-16,1.6,-31,s,95,91,s,0.8,2.9,0.3,1.4,5.4,s,2,0.2,s,s,3.4,8.4,s,83,66,10,13,14,13,13,14,10,21,13,7.8,22,6.3,7.7,13,24,27,14,31,27,11,13,24,32,14,31,16,15,16
Tract 89.03,3728,3357,2393,2633,s,s,10,s,s,22,24,s,s,23,11,14,13,11,16,-29,-10,s,97,95,s,0.7,1.5,0.8,1,2.5,s,0.3,0.3,s,s,3.3,9.5,s,70,91,21,29,15,4.3,10,13,16,13,23,27,11,18,22,16,23,15,15,26,15,18,16,15,28,29,26,34,20,31
Tract 89.04,4249,3863,3161,3309,s,s,4.7,s,s,32,22,s,s,-26,12,15,12,9.9,11,-35,-11,s,98,97,s,0.8,0.8,0.4,0.7,1.8,s,0,0.3,s,s,0.8,13,s,72,48,26,19,17,15,11,11,21,6.9,8.7,13,12,14,17,11,20,22,19,25,21,24,20,12,13,16,26,18,20,26
Tract 90,1498,2142,2355,2732,s,s,16,s,s,15,11,s,s,-16,30,37,37,29,75,9.2,-7,s,98,91,s,0.6,3.7,2,1.8,2.8,s,0,2.6,s,s,1.3,7.2,s,47,36,27,0,25,19,8.3,36,11,15,20,25,6.7,17,3,4.2,13,0,5,13,0,0,11,15,6.7,13,3.3,17,18,0
Tract 91.02,5465,4847,4400,4127,s,s,-6.2,s,s,29,26,s,s,-16,7.9,15,14,13,65,-15,-15,s,99,93,s,0.3,2.3,0,0.5,4.2,s,0.1,0.4,s,s,1.1,13,s,59,69,16,11,4.8,17,21,10,16,14,18,15,18,16,17,21,23,27,21,22,27,19,19,21,19,26,38,25,26,15
Tract 92.01,2892,1758,1334,1976,s,s,48,s,s,21,11,s,s,-22,5.2,12,13,9.1,34,-15,4,s,77,53,s,16,34,1.2,6.1,9.4,s,1,3.1,s,s,5.8,8.1,s,92,54,14,15,7.7,0,10,0,15,0,0,6.3,12,21,17,14,14,7.7,7.7,17,20,23,23,9.1,15,13,5.9,4.2,8.3,0
Tract 92.03,3480,3249,2813,2582,s,s,-8.2,s,s,21,18,s,s,-20,16,15,17,13,-13,-0.2,-31,s,91,82,s,2.1,9.6,1.6,5.8,6.5,s,0,1.5,s,s,7.3,12,s,61,61,17,26,15,13,6.6,11,18,9.1,20,17,12,4.3,16,11,25,19,32,22,12,26,8.2,16,12,14,14,28,6.8,2.7
Tract 92.04,2630,2387,2417,2557,s,s,5.8,s,s,27,21,s,s,-19,16,21,16,16,19,-24,10,s,94,81,s,3.3,5.3,3.2,2.4,12,s,0,0.6,s,s,1.5,18,s,82,56,17,24,15,13,6.4,11,18,15,21,15,0,2.3,9.3,9.1,25,20,32,22,14,26,8.5,15,12,13,7.7,7,21,9.1
Tract 93.01,3892,3544,3197,3143,s,s,-1.7,s,s,20,17,s,s,-17,15,16,15,15,-7.4,-11,-4.1,s,70,62,s,19,28,4.2,6.6,7,s,2,2.8,s,s,6.9,7.2,s,27,27,24,15,6.9,13,8.8,11,8.2,25,12,0,7,2,12,8.8,13,15,17,13,21,5.6,18,17,7,8.1,14,4,3.9,12
Tract 93.02,2150,1674,1309,1189,s,s,-9.2,s,s,21,19,s,s,-16,11,17,17,11,18,-25,-40,s,99,72,s,1.1,15,1.3,0.2,11,s,0,2,s,s,3.9,13,s,44,55,0,21,15,8.3,45,0,7.1,14,14,6.9,14,3.3,5,38,11,29,19,33,27,0,7.1,9.1,9.1,17,0,13,15,0
Tract 94,5049,4627,4166,4163,s,s,-0.1,s,s,19,18,s,s,-2.9,15,23,25,19,34,-1.7,-22,s,91,84,s,2.4,7.4,0.2,4,6.4,s,1.3,1.2,s,s,3.2,7,s,52,47,3.4,7.3,4.4,11,27,9.4,6.1,16,13,6.9,14,3.5,15,1.9,21,7.3,11,18,11,6.5,8.8,9.1,11,7,3.9,1.7,0,15
Tract 95.01,4341,5869,5264,5797,s,s,10,s,s,12,12,s,s,6.9,5.2,6.7,8.2,8.3,72,10,11,s,58,49,s,34,33,3.9,3.7,14,s,3.3,2.6,s,s,11,25,s,52,41,17,14,8.7,9.7,7,11,9,7.1,4.2,15,6.6,9.6,9.5,3.4,3.4,12,15,15,16,9.1,7.5,11,8.3,12,16,13,11,8
Tract 95.03,3899,3220,3066,2910,s,s,-5.1,s,s,19,16,s,s,-17,15,23,27,24,24,12,-14,s,88,81,s,11,13,0.9,1.5,3.9,s,0,1.8,s,s,3.1,3.4,s,36,54,33,14,9.4,7.4,16,15,4,22,17,11,23,2.4,5.7,0,4.2,14,9.4,3.7,16,15,8,5.6,17,3.6,9.1,15,11,14
Tract 95.04,3579,3227,3570,3025,s,s,-15,s,s,21,14,s,s,-44,9.4,11,17,22,5.9,69,12,s,78,74,s,16,20,2.8,5,4,s,1.2,1.7,s,s,9.6,8.4,s,49,43,9.4,9.1,13,14,13,4.7,11,13,12,21,10,0,9.5,7.7,9.4,15,10,16,13,4.7,8.8,11,20,9.8,5,6.5,2.4,7.7
Tract 95.05,3219,3132,2454,2630,s,s,7.2,s,s,12,16,s,s,50,13,23,31,24,66,5.9,-16,s,94,87,s,4,4.2,1.1,1.2,7.6,s,0.6,1,s,s,4.7,9.7,s,43,25,31,16,21,3.4,16,5,20,14,8.1,18,17,11,7.1,13,12,11,5.3,6.9,12,5,6.7,2.8,14,14,8.7,11,18,10
Tract 95.07,1957,1726,1574,1489,s,s,-5.4,s,s,20,19,s,s,-13,5.7,18,23,24,177,20,-2.4,s,92,88,s,2,1.1,0,0,10,s,4.3,0.1,s,s,6.5,8.7,s,38,59,27,25,9.1,15,11,17,14,17,23,13,11,9.5,6.3,14,18,8.3,36,7.7,11,8.7,14,0,0,0,0,9.5,13,24
Tract 95.08,3588,3041,2777,3290,s,s,18,s,s,16,15,s,s,15,7.1,15,24,24,78,49,14,s,99,86,s,0,5.7,0.5,0.9,7.1,s,0.1,0.9,s,s,3.6,22,s,62,58,22,19,14,17,9.5,18,11,6.9,14,5.7,7.7,11,12,8.3,16,7.7,10,24,19,7.1,15,3.4,17,8.6,15,11,12,10
Tract 95.09,3628,3271,2940,2940,s,s,0,s,s,19,18,s,s,-3.7,9.5,18,25,22,75,24,-13,s,93,88,s,0.7,4.2,0.8,5.5,5.7,s,0.4,1.2,s,s,4.9,7.5,s,44,21,9.4,9.1,16,14,13,4.7,10,13,12,21,6.8,5,2.9,14,9.4,15,14,16,13,4.7,8.5,11,20,9.8,18,18,5.7,17
Tract 96.01,3506,1341,2374,2445,s,s,3,s,s,39,35,s,s,-8.6,7.7,21,11,9.5,3.3,-10,-7.2,s,97,97,s,0.4,0.7,0,0.9,1.5,s,1.2,0.3,s,s,1.3,0.5,s,61,70,15,5.7,8.1,24,11,12,21,15,18,15,18,22,7,3.8,38,34,38,32,29,25,25,21,29,24,29,40,25,23
Tract 96.02,3322,2530,3075,3280,s,s,6.7,s,s,36,30,s,s,-9.7,4.2,5.6,6.7,7.8,0.7,46,23,s,99,98,s,0,0.6,0.9,0.5,1.2,s,0,0.1,s,s,1.7,2.2,s,79,89,22,16,13,18,14,12,4.2,22,13,9.3,19,19,9,14,19,18,13,23,14,10,27,26,16,25,10,24,21,16
Tract 96.03,3996,3359,3230,3373,s,s,4.4,s,s,21,22,s,s,6.9,12,19,21,17,27,6.5,-17,s,99,97,s,0.4,0.5,0.4,0,1.8,s,0.4,0.4,s,s,1.3,3.7,s,62,86,20,9.7,14,9.1,6.9,14,19,14,15,14,9.4,14,11,14,20,16,8.6,18,14,21,19,14,28,16,16,16,13,19
Tract 96.04,2356,2236,1994,1962,s,s,-1.6,s,s,18,19,s,s,2.2,15,26,23,20,64,-20,-16,s,97,96,s,0.8,1.1,0.8,1,2.8,s,0.5,0.2,s,s,1.5,2,s,72,56,8.7,8,22,9.1,10,17,0,14,5.1,14,8.7,18,12,17,26,0,14,18,25,13,25,19,41,14,8.7,29,15,22
Tract 97,4559,4413,2297,3177,s,s,38,s,s,35,29,s,s,16,1.3,3.6,4.5,11,178,-35,237,s,96,98,s,0,0.4,0,4,1,s,0.2,0.3,s,s,4.4,0.6,s,71,84,17,10,23,9.7,12,18,18,17,11,7.3,17,16,9.8,12,20,20,13,29,7,20,16,8.6,12,20,24,18,23,19
Tract 98.01,3539,2607,2098,1575,s,s,-25,s,s,44,30,s,s,-49,1.3,4,3.8,12,129,-22,139,s,99,97,s,0,0.7,0.4,0.8,1.7,s,0,0.3,s,s,0,4.3,s,83,75,28,17,12,18,11,18,21,0,18,18,20,20,11,5.9,26,23,33,31,29,27,18,20,14,21,30,26,20,29
Tract 98.02,2771,2257,1799,1693,s,s,-5.9,s,s,40,33,s,s,-23,3.4,4,11,7.4,-4.2,125,-39,s,99,98,s,0.1,0.6,0,0,1.6,s,1.1,0,s,s,1.8,1.4,s,79,78,12,11,26,21,13,12,11,8.8,13,15,9.8,19,7.7,7.7,19,22,19,18,21,24,20,16,30,27,20,21,33,15
Tract 98.03,3390,2940,2247,2758,s,s,23,s,s,29,27,s,s,18,2.6,4,7.4,8.9,36,42,47,s,95,98,s,2.6,0.8,0,0.7,1.1,s,0.3,0.2,s,s,2.4,1.5,s,75,73,20,18,6.4,24,14,17,3.3,9.8,17,11,15,12,23,15,16,12,19,17,19,14,6.7,15,15,23,26,12,18,22
Tract 98.04,2449,2634,2555,2473,s,s,-3.2,s,s,35,28,s,s,-23,2.6,5.8,5.8,9,138,-3.3,52,s,99,97,s,0.5,0.6,0.6,0.3,2.3,s,0,0.2,s,s,0.7,3.5,s,67,77,15,32,11,26,10,12,5.9,14,11,20,14,8.9,8.5,9.4,13,28,26,38,25,9.1,8.8,12,14,22,19,36,21,7.5
Tract 98.07,4023,3384,3242,3072,s,s,-5.2,s,s,26,22,s,s,-19,3.9,5.9,11,13,27,78,16,s,94,96,s,2.3,1.2,1.8,0.7,1.9,s,1.5,0.5,s,s,2.2,3.8,s,58,68,25,12,21,20,12,12,9.7,13,17,21,8.2,13,12,9.4,21,27,25,22,10,26,13,10,17,11,13,21,13,17
Tract 98.10,3678,3275,2672,2507,s,s,-6.2,s,s,36,31,s,s,-20,2.5,3.6,6.2,5.7,29,42,-14,s,98,98,s,0.6,0.6,0,0.9,0.9,s,0.8,0,s,s,3.2,0.9,s,77,83,14,21,20,17,17,13,13,13,12,13,21,13,13,16,30,24,22,16,14,16,16,15,9.7,16,13,17,18,20
Tract 98.11,4510,4017,3276,4365,s,s,33,s,s,36,33,s,s,19,2.5,3.6,6.2,6.3,29,42,35,s,98,98,s,0.6,0.3,0,0.9,0.8,s,0.8,0.2,s,s,3.2,1.8,s,77,66,14,21,20,17,17,13,13,13,12,13,21,13,13,16,30,24,22,16,14,16,16,15,9.7,16,13,17,18,20
Tract 99.01,2904,2658,2300,2249,s,s,-2.2,s,s,14,17,s,s,15,12,19,24,26,49,9.6,6.2,s,93,94,s,5.2,3.4,0.1,1.4,1.7,s,0.1,0.4,s,s,1.4,1.3,s,41,23,18,0,27,0,13,24,24,13,13,13,27,0,0,9.5,5.9,25,0,0,20,12,4.8,20,13,6.3,0,0,20,14
Tract 99.02,3617,3275,2912,2905,s,s,-0.2,s,s,20,22,s,s,7.1,7.5,13,20,20,54,39,0.3,s,97,97,s,1.9,0.9,0.8,0.9,1.5,s,0,0.1,s,s,1.3,2.2,s,50,69,6.9,26,26,13,14,8.6,8.8,19,15,17,6.1,6.8,8.1,7.5,17,17,13,26,6.9,11,18,19,15,14,30,20,30,25
Tract 99.03,3902,3233,2164,1851,s,s,-14,s,s,34,27,s,s,-33,12,16,21,12,12,-12,-52,s,98,97,s,0,0.9,0,0.7,1.6,s,0.6,0.2,s,s,0.8,5.4,s,79,78,23,22,8,9.7,20,14,14,5.6,0,42,14,23,24,11,27,22,32,39,20,41,14,24,21,17,14,14,24,29
Tract 99.04,4056,3227,1831,2243,s,s,23,s,s,30,31,s,s,28,3,4,8.7,6.7,7.5,24,-6.3,s,98,91,s,0,1,0,0.5,7.2,s,1.7,0.4,s,s,2.3,2.9,s,61,67,25,19,12,2.7,22,17,10,16,15,5.7,27,18,12,13,18,35,12,19,37,15,20,19,19,11,24,24,16,15
Tract 99.05,3632,3260,2681,2795,s,s,4.3,s,s,33,28,s,s,-13,6.8,11,8.2,10,42,-37,27,s,100,97,s,0,0.9,0.4,0,1.9,s,0,0.2,s,s,0.3,1.9,s,60,64,16,19,12,17,26,27,18,11,16,15,14,9.1,17,13,11,17,17,13,21,27,23,13,31,21,28,25,20,8.3
Tract 99.06,2176,1862,1516,1296,s,s,-15,s,s,28,23,s,s,-31,8,13,13,14,36,-17,-10,s,99,97,s,0,0.7,0,0.3,2.4,s,0,0.3,s,s,1,3.8,s,75,54,8.1,15,8,5.3,13,9.4,5.7,18,17,25,17,19,13,43,30,12,12,29,17,9.4,26,26,13,22,8.7,6.5,19,0
Tract 99.07,3417,3097,3092,2836,s,s,-8.3,s,s,38,33,s,s,-20,5.5,8.8,12,8.4,45,32,-34,s,99,98,s,0.2,0.4,0,0.3,1.1,s,0.8,0.2,s,s,0,0.7,s,76,85,9.8,7.6,13,27,7.1,19,15,21,21,12,25,16,16,18,26,20,21,11,26,22,27,33,25,20,20,18,17,18
Tract 101,1749,1615,1592,2621,s,s,65,s,s,6.8,3.5,s,s,-15,20,28,16,11,27,-42,12,s,27,15,s,46,57,23,15,11,s,12,16,s,s,30,26,s,20,24,6.7,0,13,7.1,9.1,14,7.7,7.1,10,0,0,14,14,4,0,0,6.3,0,0,0,15,7.1,0,0,13,0,0,0
Tract 102,1974,2012,2362,2324,s,s,-1.6,s,s,7.7,5.6,s,s,-28,6.4,11,15,16,71,64,4.8,s,57,41,s,35,46,2.9,3.4,5.9,s,2.9,5.8,s,s,12,15,s,72,21,19,17,13,11,0,0,14,0,6.1,18,14,18,7.7,20,6.3,17,0,0,0,0,6.9,0,0,0,0,0,0,6.7
Tract 103,3971,3794,3660,3187,s,s,-13,s,s,15,16,s,s,-4,9,11,13,14,15,12,-3.5,s,69,61,s,17,19,3.3,12,17,s,1.3,2.7,s,s,16,20,s,44,32,14,8.8,16,1.6,5.7,16,12,15,9,12,20,4.3,i,7.8,5.1,16,2.7,4.9,9.4,10,9.2,7.4,7,9.4,10,4.3,i,5.9
Tract 104,6587,5667,3974,4365,s,s,9.9,s,s,24,23,s,s,4.9,13,10,7.9,9,-33,-47,27,s,94,95,s,4,2.4,0.9,0.7,1.9,s,0,0.4,s,s,2.6,4,s,60,66,16,17,15,18,14,18,12,12,15,19,11,20,12,12,31,29,18,20,24,23,23,34,15,23,22,19,20,17
Tract 105,3252,2981,3422,3410,s,s,-0.4,s,s,18,14,s,s,-27,2.7,5.4,5.3,7.6,83,14,42,s,70,56,s,22,30,5.2,4.4,6.2,s,2.6,7.6,s,s,15,15,s,65,21,8.9,9.8,15,8.7,17,10,18,21,14,13,18,12,11,4.1,11,9.8,6.3,4.3,6.9,13,14,12,14,9.4,15,19,11,12
Tract 106,4845,3814,3298,3933,s,s,19,s,s,25,14,s,s,-36,14,13,13,7.2,-24,-16,-34,s,92,52,s,3.7,40,0.7,4,4.5,s,0.2,3.9,s,s,7,7.9,s,62,36,15,14,17,7.7,7.7,11,10,9.3,8.9,18,6,6.8,5.2,7.2,8.3,27,31,13,23,16,14,12,14,8.2,12,6.8,9.1,2.9
Tract 107,2029,1314,1589,1838,s,s,16,s,s,2.1,0.9,s,s,-48,17,9.2,7,6.5,-65,-8.3,7.2,s,4,5.2,s,74,74,6.2,7.7,7.5,s,13,13,s,s,25,27,s,0,i,25,0,0,14,0,14,14,0,20,40,22,0,0,14,0,0,0,0,0,0,0,0,0,0,11,0,0,7.1
Tract 108,4484,5172,4290,6408,s,s,49,s,s,0.2,0.4,s,s,200,7.1,4.7,1.3,1,-23,-78,20,s,4.2,6.3,s,74,77,3.7,4.2,4.2,s,17,12,s,s,12,13,s,0,i,0,0,0,29,25,25,20,0,0,0,0,0,20,17,25,10,0,0,25,0,0,0,0,17,0,0,0,0
Tract 109,3253,3063,2858,3211,s,s,12,s,s,30,27,s,s,1.3,18,8.8,4.4,4.6,-52,-54,18,s,97,96,s,1.8,1.6,0.2,0.6,1.5,s,0,0.5,s,s,1.7,3.6,s,67,79,7.1,25,24,17,7.5,9.8,19,14,17,17,16,19,7.6,11,14,16,9.3,16,18,20,11,26,24,21,20,25,24,11
Tract 110,3703,3950,3831,3715,s,s,-3,s,s,12,9.7,s,s,-20,11,17,21,22,59,18,0.9,s,58,47,s,34,42,2.7,5.2,4.9,s,2.6,4.4,s,s,7.7,13,s,67,67,13,10,4.3,20,6.7,11,0,5.9,15,19,6.5,12,9.1,4,20,15,22,15,0,0,6.7,5.9,0,7.7,6.2,8,4.3,8
Tract 111,5475,5107,4827,4859,s,s,0.7,s,s,20,19,s,s,-6.7,18,21,23,20,8.6,2.5,-14,s,94,87,s,2.8,5,1,2.3,6.9,s,0.8,0.4,s,s,4.8,9.4,s,55,51,18,23,9.1,16,8.7,4.5,11,19,18,9.5,11,8.8,14,9,8.3,15,16,18,13,13,21,21,11,14,12,8.8,6.1,7.5
,,,,,,,,,,,,,,,,,,,,,,,,,,,,,,,,,,,,,,,,,,,,,,,,,,,,,,,,,,,,,,,,,,,,
