GEO2010,school_present_2000,school_present_2001,school_present_2002,school_present_2003,school_present_2004,school_present_2005,school_present_2006,school_present_2007,school_present_2008,school_present_2009,school_present_2010,school_present_2011,school_present_2012,school_present_2013,dcps_present_2000,dcps_present_2001,dcps_present_2002,dcps_present_2003,dcps_present_2004,dcps_present_2005,dcps_present_2006,dcps_present_2007,dcps_present_2008,dcps_present_2009,dcps_present_2010,dcps_present_2011,dcps_present_2012,dcps_present_2013,charter_present_2000,charter_present_2001,charter_present_2002,charter_present_2003,charter_present_2004,charter_present_2005,charter_present_2006,charter_present_2007,charter_present_2008,charter_present_2009,charter_present_2010,charter_present_2011,charter_present_2012,charter_present_2013,aud_2001,aud_2002,aud_2003,aud_2004,aud_2005,aud_2006,aud_2007,aud_2008,aud_2009,aud_2010,aud_2011,aud_2012,aud_2013,aud_dcps_2001,aud_dcps_2002,aud_dcps_2003,aud_dcps_2004,aud_dcps_2005,aud_dcps_2006,aud_dcps_2007,aud_dcps_2008,aud_dcps_2009,aud_dcps_2010,aud_dcps_2011,aud_dcps_2012,aud_dcps_2013,aud_charter_2001,aud_charter_2002,aud_charter_2003,aud_charter_2004,aud_charter_2005,aud_charter_2006,aud_charter_2007,aud_charter_2008,aud_charter_2009,aud_charter_2010,aud_charter_2011,aud_charter_2012,aud_charter_2013
Tract 1,0,0,0,0,0,0,1,1,0,0,0,0,0,0,0,0,0,0,0,0,0,0,0,0,0,0,0,0,0,0,0,0,0,0,1,1,0,0,0,0,0,0,0,0,0,0,0,53,86,0,0,0,0,0,0,0,0,0,0,0,0,0,0,0,0,0,0,0,0,0,0,0,0,53,86,0,0,0,0,0,0
Tract 2.01,0,0,0,0,0,0,0,0,0,0,0,0,0,0,0,0,0,0,0,0,0,0,0,0,0,0,0,0,0,0,0,0,0,0,0,0,0,0,0,0,0,0,0,0,0,0,0,0,0,0,0,0,0,0,0,0,0,0,0,0,0,0,0,0,0,0,0,0,0,0,0,0,0,0,0,0,0,0,0,0,0
Tract 2.02,2,2,2,2,2,1,1,1,2,2,2,2,2,2,2,2,2,2,2,1,1,1,2,2,2,2,2,2,0,0,0,0,0,0,0,0,0,0,0,0,0,0,515,587,592,583,173,176,180,508,653,792,720,736,705,515,587,592,583,173,176,180,508,653,792,720,736,705,0,0,0,0,0,0,0,0,0,0,0,0,0
Tract 3,1,1,1,1,1,1,1,1,1,1,1,1,1,1,1,1,1,1,1,1,1,1,1,1,1,1,1,1,0,0,0,0,0,0,0,0,0,0,0,0,0,0,488,482,457,418,393,469,459,463,492,508,517,531,541,488,482,457,418,393,469,459,463,492,508,517,531,541,0,0,0,0,0,0,0,0,0,0,0,0,0
Tract 4,0,0,0,0,0,0,0,0,0,0,0,0,0,0,0,0,0,0,0,0,0,0,0,0,0,0,0,0,0,0,0,0,0,0,0,0,0,0,0,0,0,0,0,0,0,0,0,0,0,0,0,0,0,0,0,0,0,0,0,0,0,0,0,0,0,0,0,0,0,0,0,0,0,0,0,0,0,0,0,0,0
Tract 5.01,0,1,1,1,1,1,1,1,1,1,1,1,1,1,0,1,1,1,1,1,1,1,1,1,1,1,1,1,0,0,0,0,0,0,0,0,0,0,0,0,0,0,363,395,401,410,429,433,318,342,349,369,355,334,336,363,395,401,410,429,433,318,342,349,369,355,334,336,0,0,0,0,0,0,0,0,0,0,0,0,0
Tract 5.02,0,0,0,0,0,0,0,0,0,0,0,0,0,0,0,0,0,0,0,0,0,0,0,0,0,0,0,0,0,0,0,0,0,0,0,0,0,0,0,0,0,0,0,0,0,0,0,0,0,0,0,0,0,0,0,0,0,0,0,0,0,0,0,0,0,0,0,0,0,0,0,0,0,0,0,0,0,0,0,0,0
Tract 6,2,2,2,2,2,2,2,2,2,2,2,2,2,2,2,2,2,2,2,2,2,2,2,2,2,2,2,2,0,0,0,0,0,0,0,0,0,0,0,0,0,0,572,572,556,554,537,560,573,582,605,666,714,732,757,572,572,556,554,537,560,573,582,605,666,714,732,757,0,0,0,0,0,0,0,0,0,0,0,0,0
Tract 7.01,0,0,0,0,1,1,1,1,1,0,0,0,0,0,0,0,0,0,0,0,0,0,0,0,0,0,0,0,0,0,0,0,1,1,1,1,1,0,0,0,0,0,0,0,0,213,101,178,307,205,0,0,0,0,0,0,0,0,0,0,0,0,0,0,0,0,0,0,0,0,0,213,101,178,307,205,0,0,0,0,0
Tract 7.02,1,1,1,1,1,1,1,1,1,1,1,1,1,1,1,1,1,1,1,1,1,1,1,1,1,1,1,1,0,0,0,0,0,0,0,0,0,0,0,0,0,0,225,228,213,212,211,232,259,296,285,324,347,368,381,225,228,213,212,211,232,259,296,285,324,347,368,381,0,0,0,0,0,0,0,0,0,0,0,0,0
Tract 8.01,1,1,1,1,1,1,1,1,1,1,1,1,1,1,1,1,1,1,1,1,1,1,1,1,1,1,1,1,0,0,0,0,0,0,0,0,0,0,0,0,0,0,210,233,228,219,219,249,250,268,269,274,290,286,287,210,233,228,219,219,249,250,268,269,274,290,286,287,0,0,0,0,0,0,0,0,0,0,0,0,0
Tract 8.02,0,0,0,0,0,0,0,0,0,0,0,0,0,0,0,0,0,0,0,0,0,0,0,0,0,0,0,0,0,0,0,0,0,0,0,0,0,0,0,0,0,0,0,0,0,0,0,0,0,0,0,0,0,0,0,0,0,0,0,0,0,0,0,0,0,0,0,0,0,0,0,0,0,0,0,0,0,0,0,0,0
Tract 9.01,0,0,0,0,0,0,0,0,0,0,0,0,0,0,0,0,0,0,0,0,0,0,0,0,0,0,0,0,0,0,0,0,0,0,0,0,0,0,0,0,0,0,0,0,0,0,0,0,0,0,0,0,0,0,0,0,0,0,0,0,0,0,0,0,0,0,0,0,0,0,0,0,0,0,0,0,0,0,0,0,0
Tract 9.02,1,1,1,1,1,1,1,1,1,1,1,1,1,1,1,1,1,1,1,1,1,1,1,1,1,1,1,1,0,0,0,0,0,0,0,0,0,0,0,0,0,0,215,216,234,249,289,284,312,328,343,365,386,375,381,215,216,234,249,289,284,312,328,343,365,386,375,381,0,0,0,0,0,0,0,0,0,0,0,0,0
Tract 10.01,1,1,1,1,1,1,1,1,1,1,1,1,1,1,1,1,1,1,1,1,1,1,1,1,1,1,1,1,0,0,0,0,0,0,0,0,0,0,0,0,0,0,433,456,479,470,465,485,484,489,444,501,548,599,627,433,456,479,470,465,485,484,489,444,501,548,599,627,0,0,0,0,0,0,0,0,0,0,0,0,0
Tract 10.02,0,0,0,0,0,0,0,0,0,0,0,0,0,0,0,0,0,0,0,0,0,0,0,0,0,0,0,0,0,0,0,0,0,0,0,0,0,0,0,0,0,0,0,0,0,0,0,0,0,0,0,0,0,0,0,0,0,0,0,0,0,0,0,0,0,0,0,0,0,0,0,0,0,0,0,0,0,0,0,0,0
Tract 11,4,4,4,4,3,3,4,4,3,3,3,3,3,3,4,4,4,4,3,3,3,3,3,3,3,3,3,3,0,0,0,0,0,0,1,1,0,0,0,0,0,0,3038,2917,2883,2749,2750,2648,2579,2467,2835,2964,3203,3450,3570,3038,2917,2883,2749,2750,2648,2579,2467,2835,2964,3203,3450,3570,0,0,0,0,0,0,0,0,0,0,0,0,0
Tract 12,0,0,0,0,0,0,0,0,0,0,0,0,0,0,0,0,0,0,0,0,0,0,0,0,0,0,0,0,0,0,0,0,0,0,0,0,0,0,0,0,0,0,0,0,0,0,0,0,0,0,0,0,0,0,0,0,0,0,0,0,0,0,0,0,0,0,0,0,0,0,0,0,0,0,0,0,0,0,0,0,0
Tract 13.01,0,0,0,0,0,0,0,0,0,0,0,0,0,0,0,0,0,0,0,0,0,0,0,0,0,0,0,0,0,0,0,0,0,0,0,0,0,0,0,0,0,0,0,0,0,0,0,0,0,0,0,0,0,0,0,0,0,0,0,0,0,0,0,0,0,0,0,0,0,0,0,0,0,0,0,0,0,0,0,0,0
Tract 13.02,0,0,0,0,0,0,0,0,0,0,0,0,0,0,0,0,0,0,0,0,0,0,0,0,0,0,0,0,0,0,0,0,0,0,0,0,0,0,0,0,0,0,0,0,0,0,0,0,0,0,0,0,0,0,0,0,0,0,0,0,0,0,0,0,0,0,0,0,0,0,0,0,0,0,0,0,0,0,0,0,0
Tract 14.01,0,0,0,0,0,0,0,0,0,0,0,0,0,0,0,0,0,0,0,0,0,0,0,0,0,0,0,0,0,0,0,0,0,0,0,0,0,0,0,0,0,0,0,0,0,0,0,0,0,0,0,0,0,0,0,0,0,0,0,0,0,0,0,0,0,0,0,0,0,0,0,0,0,0,0,0,0,0,0,0,0
Tract 14.02,0,0,0,0,0,0,0,0,0,0,0,0,0,0,0,0,0,0,0,0,0,0,0,0,0,0,0,0,0,0,0,0,0,0,0,0,0,0,0,0,0,0,0,0,0,0,0,0,0,0,0,0,0,0,0,0,0,0,0,0,0,0,0,0,0,0,0,0,0,0,0,0,0,0,0,0,0,0,0,0,0
Tract 15,1,1,1,1,1,1,1,1,1,1,1,1,1,1,1,1,1,1,1,1,1,1,1,1,1,1,1,1,0,0,0,0,0,0,0,0,0,0,0,0,0,0,499,514,537,546,579,595,623,610,634,682,707,689,689,499,514,537,546,579,595,623,610,634,682,707,689,689,0,0,0,0,0,0,0,0,0,0,0,0,0
Tract 16,1,1,1,1,1,1,1,1,1,1,1,1,1,1,1,1,1,1,1,1,1,1,1,1,1,1,1,1,0,0,0,0,0,0,0,0,0,0,0,0,0,0,356,354,351,327,324,327,312,355,331,352,331,314,304,356,354,351,327,324,327,312,355,331,352,331,314,304,0,0,0,0,0,0,0,0,0,0,0,0,0
Tract 17.02,0,0,0,0,0,0,0,1,2,2,2,1,1,1,0,0,0,0,0,0,0,0,0,0,0,0,0,0,0,0,0,0,0,0,0,1,2,2,2,1,1,1,0,0,0,0,0,0,200,389,385,406,272,280,280,0,0,0,0,0,0,0,0,0,0,0,0,0,0,0,0,0,0,0,200,389,385,406,272,280,280
Tract 18.03,0,0,0,0,0,0,0,0,0,0,0,0,0,0,0,0,0,0,0,0,0,0,0,0,0,0,0,0,0,0,0,0,0,0,0,0,0,0,0,0,0,0,0,0,0,0,0,0,0,0,0,0,0,0,0,0,0,0,0,0,0,0,0,0,0,0,0,0,0,0,0,0,0,0,0,0,0,0,0,0,0
Tract 18.04,0,1,0,0,0,0,1,1,1,2,2,2,2,2,0,0,0,0,0,0,0,0,0,0,0,0,0,0,0,1,0,0,0,0,1,1,1,2,2,2,2,2,93,0,0,0,0,104,121,215,369,408,415,346,571,0,0,0,0,0,0,0,0,0,0,0,0,0,93,0,0,0,0,104,121,215,369,408,415,346,571
Tract 19.01,1,1,1,1,1,1,1,1,1,1,1,1,1,2,0,0,0,0,0,0,0,0,0,0,0,0,0,0,1,1,1,1,1,1,1,1,1,1,1,1,1,2,539,586,561,573,578,616,600,573,667,559,592,556,669,0,0,0,0,0,0,0,0,0,0,0,0,0,539,586,561,573,578,616,600,573,667,559,592,556,669
Tract 19.02,5,5,5,5,5,5,5,5,4,4,2,2,5,5,2,2,2,2,2,2,2,2,2,3,2,2,2,2,3,3,3,3,3,3,3,3,2,1,0,0,3,3,1680,1618,1690,1673,1651,1624,1497,1272,1315,1083,893,1773,1779,1341,1293,1165,1065,1017,987,1047,1027,1136,1083,893,829,795,339,325,525,608,634,637,450,245,179,0,0,944,984
Tract 20.01,2,2,2,2,3,4,4,4,4,3,3,3,2,2,2,2,2,2,2,2,2,2,2,2,2,2,2,2,0,0,0,0,1,2,2,2,2,1,1,1,0,0,1032,1000,932,914,1043,956,938,1032,1204,1254,1235,1146,1230,1032,1000,932,848,802,750,732,854,1058,1106,1098,1146,1230,0,0,0,66,241,206,206,178,146,148,137,0,0
Tract 20.02,1,1,1,1,1,1,1,1,1,1,1,1,1,1,1,1,1,1,1,1,1,1,1,1,1,1,1,1,0,0,0,0,0,0,0,0,0,0,0,0,0,0,338,309,280,236,208,187,190,228,265,239,244,243,258,338,309,280,236,208,187,190,228,265,239,244,243,258,0,0,0,0,0,0,0,0,0,0,0,0,0
Tract 21.01,1,1,1,1,1,1,1,1,1,1,1,1,1,1,1,1,1,1,1,1,1,1,1,1,1,1,1,1,0,0,0,0,0,0,0,0,0,0,0,0,0,0,475,477,423,380,346,315,286,384,420,429,423,468,480,475,477,423,380,346,315,286,384,420,429,423,468,480,0,0,0,0,0,0,0,0,0,0,0,0,0
Tract 21.02,2,2,2,2,2,2,2,2,1,1,1,1,1,3,1,1,1,1,1,1,1,1,0,0,0,0,0,0,1,1,1,1,1,1,1,1,1,1,1,1,1,3,588,599,547,530,444,379,326,106,108,0,120,120,758,534,538,487,421,340,268,225,0,0,0,0,0,0,54,61,60,109,104,111,101,106,108,0,120,120,758
Tract 22.01,0,0,0,0,0,0,0,0,0,0,0,0,0,0,0,0,0,0,0,0,0,0,0,0,0,0,0,0,0,0,0,0,0,0,0,0,0,0,0,0,0,0,0,0,0,0,0,0,0,0,0,0,0,0,0,0,0,0,0,0,0,0,0,0,0,0,0,0,0,0,0,0,0,0,0,0,0,0,0,0,0
Tract 22.02,1,1,1,1,1,1,1,1,1,1,1,1,1,1,1,1,1,1,1,1,1,1,1,1,1,1,1,1,0,0,0,0,0,0,0,0,0,0,0,0,0,0,366,328,335,321,350,316,327,378,366,435,482,569,583,366,328,335,321,350,316,327,378,366,435,482,569,583,0,0,0,0,0,0,0,0,0,0,0,0,0
Tract 23.01,0,0,0,1,0,0,0,0,2,1,1,0,0,0,0,0,0,0,0,0,0,0,0,0,0,0,0,0,0,0,0,1,0,0,0,0,2,1,1,0,0,0,0,0,100,0,0,0,0,303,224,227,0,0,0,0,0,0,0,0,0,0,0,0,0,0,0,0,0,0,100,0,0,0,0,303,224,227,0,0,0
Tract 23.02,0,0,0,0,1,1,1,1,1,1,1,1,0,0,0,0,0,0,0,0,0,0,0,0,0,0,0,0,0,0,0,0,1,1,1,1,1,1,1,1,0,0,0,0,0,216,213,102,133,139,154,182,167,0,0,0,0,0,0,0,0,0,0,0,0,0,0,0,0,0,0,216,213,102,133,139,154,182,167,0,0
Tract 24,1,1,1,1,1,1,1,1,0,0,1,3,3,3,1,1,1,1,1,1,1,1,0,0,0,0,0,0,0,0,0,0,0,0,0,0,0,0,1,3,3,3,329,297,274,249,255,213,192,0,0,280,635,789,954,329,297,274,249,255,213,192,0,0,0,0,0,0,0,0,0,0,0,0,0,0,0,280,635,789,954
Tract 25.01,4,4,6,6,5,5,5,6,7,7,7,7,7,4,3,3,4,4,4,4,4,4,4,4,4,4,4,3,1,1,2,2,1,1,1,2,3,3,3,3,3,1,2114,2287,2530,2119,1718,1752,1951,1987,2017,2081,2165,2314,1951,1581,1788,1805,1779,1399,1419,1394,1237,1086,1316,1283,1359,1355,533,499,725,340,319,333,557,750,931,765,882,955,596
Tract 25.02,3,3,3,3,3,4,3,4,3,4,4,4,5,4,3,3,3,3,3,3,2,2,2,2,2,2,2,2,0,0,0,0,0,1,1,2,1,2,2,2,3,2,873,835,737,689,600,596,648,696,783,1120,1187,1338,1160,873,835,737,689,562,529,516,620,576,685,752,842,949,0,0,0,0,38,67,132,76,207,435,435,496,211
Tract 26,0,0,0,0,0,0,0,0,0,0,0,0,0,0,0,0,0,0,0,0,0,0,0,0,0,0,0,0,0,0,0,0,0,0,0,0,0,0,0,0,0,0,0,0,0,0,0,0,0,0,0,0,0,0,0,0,0,0,0,0,0,0,0,0,0,0,0,0,0,0,0,0,0,0,0,0,0,0,0,0,0
Tract 27.01,1,1,1,1,1,1,2,2,2,2,2,2,2,2,1,1,1,1,1,1,1,1,1,1,1,1,1,1,0,0,0,0,0,0,1,1,1,1,1,1,1,1,524,464,497,452,409,410,450,459,443,697,463,473,490,524,464,497,452,409,410,450,459,443,458,463,473,490,0,0,0,0,0,0,0,0,0,239,0,0,0
Tract 27.02,0,0,2,2,2,2,3,2,1,1,1,1,2,2,0,0,1,1,1,1,1,0,0,0,0,0,0,0,0,0,1,1,1,1,2,2,1,1,1,1,2,2,0,232,283,292,290,270,251,148,181,294,391,342,411,0,24,36,43,39,20,0,0,0,0,0,0,0,0,208,247,249,251,250,251,148,181,294,391,342,411
Tract 28.01,1,1,0,0,0,0,0,0,0,0,0,0,0,0,0,0,0,0,0,0,0,0,0,0,0,0,0,0,1,1,0,0,0,0,0,0,0,0,0,0,0,0,157,0,0,0,0,0,0,0,0,0,0,0,0,0,0,0,0,0,0,0,0,0,0,0,0,0,157,0,0,0,0,0,0,0,0,0,0,0,0
Tract 28.02,3,3,2,2,4,7,6,6,6,5,5,6,6,6,2,2,1,1,1,2,1,1,1,1,1,1,1,1,1,1,1,1,3,5,5,5,5,4,4,5,5,5,1155,737,782,1140,1662,1948,1965,2079,2082,2138,2062,2097,2203,1097,672,711,714,1077,1262,1254,1253,1276,1274,1203,1262,1266,58,65,71,426,585,686,711,826,806,864,859,835,937
Tract 29,0,0,0,0,0,0,0,0,0,0,0,0,0,0,0,0,0,0,0,0,0,0,0,0,0,0,0,0,0,0,0,0,0,0,0,0,0,0,0,0,0,0,0,0,0,0,0,0,0,0,0,0,0,0,0,0,0,0,0,0,0,0,0,0,0,0,0,0,0,0,0,0,0,0,0,0,0,0,0,0,0
Tract 30,2,2,2,2,2,2,2,2,1,1,1,1,1,1,1,1,1,1,1,1,1,1,1,1,1,1,1,1,1,1,1,1,1,1,1,1,0,0,0,0,0,0,831,815,800,619,599,611,708,487,462,470,489,506,509,674,635,574,480,436,420,400,487,462,470,489,506,509,157,180,226,139,163,191,308,0,0,0,0,0,0
Tract 31,1,1,1,1,1,1,1,1,1,2,2,2,2,2,1,1,1,1,1,1,1,1,0,0,0,0,0,0,0,0,0,0,0,0,0,0,1,2,2,2,2,2,476,369,346,331,322,320,307,377,691,628,714,713,675,476,369,346,331,322,320,307,0,0,0,0,0,0,0,0,0,0,0,0,0,377,691,628,714,713,675
Tract 32,1,1,1,1,1,1,1,1,1,1,1,1,1,1,1,1,1,1,1,1,1,1,1,1,1,1,1,1,0,0,0,0,0,0,0,0,0,0,0,0,0,0,404,366,345,310,277,203,160,359,412,0,459,442,465,404,366,345,310,277,203,160,359,412,0,459,442,465,0,0,0,0,0,0,0,0,0,0,0,0,0
Tract 33.01,0,0,0,0,0,0,0,0,0,0,0,0,0,0,0,0,0,0,0,0,0,0,0,0,0,0,0,0,0,0,0,0,0,0,0,0,0,0,0,0,0,0,0,0,0,0,0,0,0,0,0,0,0,0,0,0,0,0,0,0,0,0,0,0,0,0,0,0,0,0,0,0,0,0,0,0,0,0,0,0,0
Tract 33.02,0,0,0,0,0,0,0,0,0,0,0,0,0,0,0,0,0,0,0,0,0,0,0,0,0,0,0,0,0,0,0,0,0,0,0,0,0,0,0,0,0,0,0,0,0,0,0,0,0,0,0,0,0,0,0,0,0,0,0,0,0,0,0,0,0,0,0,0,0,0,0,0,0,0,0,0,0,0,0,0,0
Tract 34,3,2,2,2,2,3,4,4,2,1,1,2,2,2,3,2,2,2,2,2,2,2,1,0,0,1,1,1,0,0,0,0,0,1,2,2,1,1,1,1,1,1,643,602,565,651,667,767,776,574,285,296,560,598,598,643,602,565,651,549,530,478,288,0,0,253,282,280,0,0,0,0,118,237,298,286,285,296,307,316,318
Tract 35,2,2,2,2,3,2,2,2,1,1,1,2,1,1,2,2,2,2,2,2,2,2,1,1,1,1,1,1,0,0,0,0,1,0,0,0,0,0,0,1,0,0,759,772,766,789,653,612,560,404,393,427,466,394,430,759,772,766,687,653,612,560,404,393,427,413,394,430,0,0,0,102,0,0,0,0,0,0,53,0,0
Tract 36,1,1,1,1,6,6,5,5,5,3,3,2,2,2,1,1,1,1,1,1,1,1,1,1,1,1,1,1,0,0,0,0,5,5,4,4,4,2,2,1,1,1,771,745,788,1900,1839,2150,2248,2256,2290,2358,2285,2478,2664,771,745,788,838,812,854,875,775,631,607,477,537,681,0,0,0,1062,1027,1296,1373,1481,1659,1751,1808,1941,1983
Tract 37,0,0,0,0,0,0,0,1,1,1,1,1,1,1,0,0,0,0,0,0,0,0,0,0,0,0,0,0,0,0,0,0,0,0,0,1,1,1,1,1,1,1,0,0,0,0,0,0,71,108,108,119,158,161,161,0,0,0,0,0,0,0,0,0,0,0,0,0,0,0,0,0,0,0,71,108,108,119,158,161,161
Tract 38,3,3,3,4,1,1,3,3,3,3,3,3,3,3,2,2,2,2,1,1,1,1,1,2,2,2,2,2,1,1,1,2,0,0,2,2,2,1,1,1,1,1,1627,1673,1866,407,369,491,550,537,854,741,1148,1186,1251,898,886,798,407,369,368,392,350,628,741,753,750,773,729,787,1068,0,0,123,158,187,226,0,395,436,478
Tract 39,0,0,0,0,0,0,0,0,0,0,0,0,0,0,0,0,0,0,0,0,0,0,0,0,0,0,0,0,0,0,0,0,0,0,0,0,0,0,0,0,0,0,0,0,0,0,0,0,0,0,0,0,0,0,0,0,0,0,0,0,0,0,0,0,0,0,0,0,0,0,0,0,0,0,0,0,0,0,0,0,0
Tract 40.01,0,0,0,0,0,0,0,0,0,0,0,0,0,0,0,0,0,0,0,0,0,0,0,0,0,0,0,0,0,0,0,0,0,0,0,0,0,0,0,0,0,0,0,0,0,0,0,0,0,0,0,0,0,0,0,0,0,0,0,0,0,0,0,0,0,0,0,0,0,0,0,0,0,0,0,0,0,0,0,0,0
Tract 40.02,1,1,1,1,1,1,1,1,1,1,1,1,1,1,1,1,1,1,1,1,1,1,1,1,1,1,1,1,0,0,0,0,0,0,0,0,0,0,0,0,0,0,286,299,274,242,179,175,207,276,302,293,321,334,325,286,299,274,242,179,175,207,276,302,293,321,334,325,0,0,0,0,0,0,0,0,0,0,0,0,0
Tract 41,0,0,0,0,0,0,0,0,0,0,0,0,0,0,0,0,0,0,0,0,0,0,0,0,0,0,0,0,0,0,0,0,0,0,0,0,0,0,0,0,0,0,0,0,0,0,0,0,0,0,0,0,0,0,0,0,0,0,0,0,0,0,0,0,0,0,0,0,0,0,0,0,0,0,0,0,0,0,0,0,0
Tract 42.01,0,0,0,0,0,0,0,0,0,0,0,0,0,0,0,0,0,0,0,0,0,0,0,0,0,0,0,0,0,0,0,0,0,0,0,0,0,0,0,0,0,0,0,0,0,0,0,0,0,0,0,0,0,0,0,0,0,0,0,0,0,0,0,0,0,0,0,0,0,0,0,0,0,0,0,0,0,0,0,0,0
Tract 42.02,0,0,0,0,0,0,0,0,1,1,0,1,0,0,0,0,0,0,0,0,0,0,0,0,0,0,0,0,0,0,0,0,0,0,0,0,1,1,0,1,0,0,0,0,0,0,0,0,0,99,70,0,122,0,0,0,0,0,0,0,0,0,0,0,0,0,0,0,0,0,0,0,0,0,0,99,70,0,122,0,0
Tract 43,0,0,0,0,0,1,1,1,0,0,0,0,0,0,0,0,0,0,0,0,0,0,0,0,0,0,0,0,0,0,0,0,0,1,1,1,0,0,0,0,0,0,0,0,0,0,59,86,100,0,0,0,0,0,0,0,0,0,0,0,0,0,0,0,0,0,0,0,0,0,0,0,59,86,100,0,0,0,0,0,0
Tract 44,6,6,6,6,7,7,7,7,7,6,5,5,7,7,1,1,1,1,2,2,2,2,2,2,2,2,2,1,5,5,5,5,5,5,5,5,5,4,3,3,5,6,1248,1435,1563,1851,1720,1551,1456,1519,1639,1187,1394,1618,1950,318,325,345,558,592,513,447,506,562,295,455,427,303,930,1110,1218,1293,1128,1038,1009,1013,1077,892,939,1191,1647
Tract 46,6,6,6,5,5,5,5,5,3,3,3,3,3,4,5,5,5,5,5,5,5,5,2,2,2,2,2,2,1,1,1,0,0,0,0,0,1,1,1,1,1,2,1703,1755,1638,1578,1449,1419,1465,1122,1255,1265,1081,983,1201,1658,1692,1638,1578,1449,1419,1465,921,837,766,593,504,628,45,63,0,0,0,0,0,201,418,499,488,479,573
Tract 47.01,2,3,3,2,2,2,1,1,1,1,1,1,1,1,2,3,3,2,2,2,1,1,1,1,1,1,1,1,0,0,0,0,0,0,0,0,0,0,0,0,0,0,842,783,792,692,563,403,276,183,224,379,418,426,454,842,783,792,692,563,403,276,183,224,379,418,426,454,0,0,0,0,0,0,0,0,0,0,0,0,0
Tract 47.02,0,0,0,0,0,0,0,0,0,0,0,0,0,0,0,0,0,0,0,0,0,0,0,0,0,0,0,0,0,0,0,0,0,0,0,0,0,0,0,0,0,0,0,0,0,0,0,0,0,0,0,0,0,0,0,0,0,0,0,0,0,0,0,0,0,0,0,0,0,0,0,0,0,0,0,0,0,0,0,0,0
Tract 48.01,1,1,1,1,1,1,2,2,2,2,2,2,3,3,1,1,1,1,1,1,1,1,1,1,0,0,0,0,0,0,0,0,0,0,1,1,1,1,2,2,3,3,371,310,265,254,201,278,347,444,518,430,531,752,907,371,310,265,254,201,190,183,189,199,0,0,0,0,0,0,0,0,0,88,164,255,319,430,531,752,907
Tract 48.02,0,0,0,0,0,0,0,0,1,1,1,0,0,0,0,0,0,0,0,0,0,0,0,0,0,0,0,0,0,0,0,0,0,0,0,0,1,1,1,0,0,0,0,0,0,0,0,0,0,367,415,342,0,0,0,0,0,0,0,0,0,0,0,0,0,0,0,0,0,0,0,0,0,0,0,367,415,342,0,0,0
Tract 49.01,2,2,2,2,2,2,2,2,1,1,1,1,1,1,2,2,2,2,2,2,2,2,1,1,1,1,1,1,0,0,0,0,0,0,0,0,0,0,0,0,0,0,979,974,915,914,811,697,464,278,255,279,265,256,253,979,974,915,914,811,697,464,278,255,279,265,256,253,0,0,0,0,0,0,0,0,0,0,0,0,0
Tract 49.02,0,0,0,0,0,0,0,0,1,1,1,1,1,1,0,0,0,0,0,0,0,0,0,0,0,0,0,0,0,0,0,0,0,0,0,0,1,1,1,1,1,1,0,0,0,0,0,0,0,246,206,221,237,218,239,0,0,0,0,0,0,0,0,0,0,0,0,0,0,0,0,0,0,0,0,246,206,221,237,218,239
Tract 50.01,1,1,1,1,1,1,1,1,1,1,1,1,1,1,1,1,1,1,1,1,1,1,1,1,1,1,1,1,0,0,0,0,0,0,0,0,0,0,0,0,0,0,372,386,379,315,297,272,240,227,208,213,237,228,280,372,386,379,315,297,272,240,227,208,213,237,228,280,0,0,0,0,0,0,0,0,0,0,0,0,0
Tract 50.02,0,0,0,0,0,0,0,0,0,0,0,0,0,0,0,0,0,0,0,0,0,0,0,0,0,0,0,0,0,0,0,0,0,0,0,0,0,0,0,0,0,0,0,0,0,0,0,0,0,0,0,0,0,0,0,0,0,0,0,0,0,0,0,0,0,0,0,0,0,0,0,0,0,0,0,0,0,0,0,0,0
Tract 52.01,0,0,0,0,1,1,1,1,1,1,1,1,1,1,0,0,0,0,0,0,0,0,0,0,0,0,0,0,0,0,0,0,1,1,1,1,1,1,1,1,1,1,0,0,0,152,205,171,131,156,215,258,303,308,147,0,0,0,0,0,0,0,0,0,0,0,0,0,0,0,0,152,205,171,131,156,215,258,303,308,147
Tract 53.01,1,1,1,1,1,1,1,1,1,1,1,1,1,1,1,1,1,1,1,1,1,1,1,1,1,1,1,1,0,0,0,0,0,0,0,0,0,0,0,0,0,0,182,167,163,150,134,176,163,142,145,153,157,154,161,182,167,163,150,134,176,163,142,145,153,157,154,161,0,0,0,0,0,0,0,0,0,0,0,0,0
Tract 55,1,1,1,1,1,1,1,1,1,1,1,1,1,1,1,1,1,1,1,1,1,1,1,1,1,1,1,1,0,0,0,0,0,0,0,0,0,0,0,0,0,0,420,404,392,377,360,319,165,257,225,235,233,224,284,420,404,392,377,360,319,165,257,225,235,233,224,284,0,0,0,0,0,0,0,0,0,0,0,0,0
Tract 56,0,0,0,0,0,0,0,0,0,0,0,0,0,0,0,0,0,0,0,0,0,0,0,0,0,0,0,0,0,0,0,0,0,0,0,0,0,0,0,0,0,0,0,0,0,0,0,0,0,0,0,0,0,0,0,0,0,0,0,0,0,0,0,0,0,0,0,0,0,0,0,0,0,0,0,0,0,0,0,0,0
Tract 58,1,1,1,1,1,1,1,0,0,0,0,0,1,1,0,0,0,0,0,0,0,0,0,0,0,0,0,0,1,1,1,1,1,1,1,0,0,0,0,0,1,1,164,118,136,146,150,179,0,0,0,0,0,443,510,0,0,0,0,0,0,0,0,0,0,0,0,0,164,118,136,146,150,179,0,0,0,0,0,443,510
Tract 59,1,0,0,0,0,0,0,0,0,0,0,0,0,0,0,0,0,0,0,0,0,0,0,0,0,0,0,0,1,0,0,0,0,0,0,0,0,0,0,0,0,0,0,0,0,0,0,0,0,0,0,0,0,0,0,0,0,0,0,0,0,0,0,0,0,0,0,0,0,0,0,0,0,0,0,0,0,0,0,0,0
Tract 62.02,0,0,0,0,0,0,0,0,0,0,0,0,0,0,0,0,0,0,0,0,0,0,0,0,0,0,0,0,0,0,0,0,0,0,0,0,0,0,0,0,0,0,0,0,0,0,0,0,0,0,0,0,0,0,0,0,0,0,0,0,0,0,0,0,0,0,0,0,0,0,0,0,0,0,0,0,0,0,0,0,0
Tract 64,0,0,0,0,0,0,0,0,0,0,0,0,0,0,0,0,0,0,0,0,0,0,0,0,0,0,0,0,0,0,0,0,0,0,0,0,0,0,0,0,0,0,0,0,0,0,0,0,0,0,0,0,0,0,0,0,0,0,0,0,0,0,0,0,0,0,0,0,0,0,0,0,0,0,0,0,0,0,0,0,0
Tract 65,1,1,1,1,1,1,1,1,1,1,1,1,1,1,1,1,1,1,1,1,1,1,1,1,1,1,1,1,0,0,0,0,0,0,0,0,0,0,0,0,0,0,296,294,255,227,220,213,235,248,277,326,347,358,359,296,294,255,227,220,213,235,248,277,326,347,358,359,0,0,0,0,0,0,0,0,0,0,0,0,0
Tract 66,1,1,1,1,1,1,1,1,0,0,0,0,0,0,1,1,1,1,1,1,1,1,0,0,0,0,0,0,0,0,0,0,0,0,0,0,0,0,0,0,0,0,650,676,652,558,532,379,268,0,0,0,0,0,0,650,676,652,558,532,379,268,0,0,0,0,0,0,0,0,0,0,0,0,0,0,0,0,0,0,0
Tract 67,0,0,0,0,0,0,0,0,0,0,0,0,0,0,0,0,0,0,0,0,0,0,0,0,0,0,0,0,0,0,0,0,0,0,0,0,0,0,0,0,0,0,0,0,0,0,0,0,0,0,0,0,0,0,0,0,0,0,0,0,0,0,0,0,0,0,0,0,0,0,0,0,0,0,0,0,0,0,0,0,0
Tract 68.01,0,0,0,0,0,0,0,0,1,1,1,1,1,1,0,0,0,0,0,0,0,0,0,0,0,0,0,0,0,0,0,0,0,0,0,0,1,1,1,1,1,1,0,0,0,0,0,0,0,221,202,216,222,230,237,0,0,0,0,0,0,0,0,0,0,0,0,0,0,0,0,0,0,0,0,221,202,216,222,230,237
Tract 68.02,0,0,0,0,0,0,0,0,0,0,0,0,0,0,0,0,0,0,0,0,0,0,0,0,0,0,0,0,0,0,0,0,0,0,0,0,0,0,0,0,0,0,0,0,0,0,0,0,0,0,0,0,0,0,0,0,0,0,0,0,0,0,0,0,0,0,0,0,0,0,0,0,0,0,0,0,0,0,0,0,0
Tract 68.04,0,0,0,2,2,2,3,3,2,2,2,2,2,2,0,0,0,2,2,2,2,2,1,1,1,1,1,1,0,0,0,0,0,0,1,1,1,1,1,1,1,1,0,0,0,63,56,265,253,265,282,288,294,299,276,0,0,0,63,56,39,28,40,57,63,60,49,26,0,0,0,0,0,226,225,225,225,225,234,250,250
Tract 69,2,2,2,2,2,2,2,2,2,2,2,2,2,2,2,2,2,2,2,2,2,2,2,2,2,2,2,2,0,0,0,0,0,0,0,0,0,0,0,0,0,0,766,741,794,779,780,764,757,754,751,773,757,772,803,766,741,794,779,780,764,757,754,751,773,757,772,803,0,0,0,0,0,0,0,0,0,0,0,0,0
Tract 70,1,1,1,1,1,2,2,1,1,1,1,1,1,1,1,1,1,1,1,2,2,1,1,1,1,1,1,1,0,0,0,0,0,0,0,0,0,0,0,0,0,0,333,290,273,258,253,255,259,237,300,348,402,470,507,333,290,273,258,253,255,259,237,300,348,402,470,507,0,0,0,0,0,0,0,0,0,0,0,0,0
Tract 71,1,1,1,1,1,2,2,2,2,2,2,2,2,2,0,0,0,0,0,0,0,0,0,0,0,0,0,0,1,1,1,1,1,2,2,2,2,2,2,2,2,2,836,838,836,744,1125,1234,1192,1156,1170,1167,1157,1169,1111,0,0,0,0,0,0,0,0,0,0,0,0,0,836,838,836,744,1125,1234,1192,1156,1170,1167,1157,1169,1111
Tract 72,2,3,3,4,4,4,3,2,1,2,3,2,2,2,1,1,1,1,1,1,0,0,0,0,0,0,0,0,1,2,2,3,3,3,3,2,1,2,3,2,2,2,665,708,847,942,664,751,620,331,441,614,610,327,465,273,249,176,150,76,0,0,0,0,0,0,0,0,392,459,671,792,588,751,620,331,441,614,610,327,465
Tract 73.01,0,0,0,0,0,0,0,0,0,0,0,0,0,0,0,0,0,0,0,0,0,0,0,0,0,0,0,0,0,0,0,0,0,0,0,0,0,0,0,0,0,0,0,0,0,0,0,0,0,0,0,0,0,0,0,0,0,0,0,0,0,0,0,0,0,0,0,0,0,0,0,0,0,0,0,0,0,0,0,0,0
Tract 73.04,3,3,3,3,3,3,2,2,2,2,2,2,2,3,3,3,3,3,3,3,2,2,2,2,2,2,1,1,0,0,0,0,0,0,0,0,0,0,0,0,1,2,1495,1406,1327,1070,970,646,556,568,477,237,566,860,1207,1495,1406,1327,1070,970,646,556,568,477,237,566,220,225,0,0,0,0,0,0,0,0,0,0,0,640,982
Tract 74.01,2,2,3,3,4,6,5,5,5,6,5,6,6,5,2,2,2,2,3,4,3,3,3,2,1,1,1,1,0,0,1,1,1,2,2,2,2,4,4,5,5,4,940,1441,1468,1401,1674,1631,1500,1435,1698,1747,2013,2062,1913,940,907,871,810,785,710,523,428,411,367,344,387,408,0,534,597,591,889,921,977,1007,1287,1380,1669,1675,1505
Tract 74.03,0,0,0,0,0,0,0,0,0,0,0,2,1,2,0,0,0,0,0,0,0,0,0,0,0,0,0,0,0,0,0,0,0,0,0,0,0,0,0,2,1,2,0,0,0,0,0,0,0,0,0,0,160,86,172,0,0,0,0,0,0,0,0,0,0,0,0,0,0,0,0,0,0,0,0,0,0,0,160,86,172
Tract 74.04,2,2,2,2,2,2,2,2,1,1,1,1,2,2,2,2,2,2,2,2,2,2,1,1,1,1,2,2,0,0,0,0,0,0,0,0,0,0,0,0,0,0,1048,1141,1132,1056,953,787,500,288,277,255,252,583,674,1048,1141,1132,1056,953,787,500,288,277,255,252,583,674,0,0,0,0,0,0,0,0,0,0,0,0,0
Tract 74.06,1,3,2,2,1,1,1,2,1,3,3,4,4,4,1,2,2,2,1,1,1,2,0,0,0,0,0,0,0,1,0,0,0,0,0,0,1,3,3,4,4,4,516,118,117,35,10,5,62,321,547,739,1069,1243,1382,147,118,117,35,10,5,62,0,0,0,0,0,0,369,0,0,0,0,0,0,321,547,739,1069,1243,1382
Tract 74.07,3,3,3,3,3,3,3,3,1,1,1,1,1,1,3,3,3,3,3,3,3,3,1,1,1,1,1,1,0,0,0,0,0,0,0,0,0,0,0,0,0,0,960,940,973,920,811,686,639,442,403,0,315,335,362,960,940,973,920,811,686,639,442,403,0,315,335,362,0,0,0,0,0,0,0,0,0,0,0,0,0
Tract 74.08,1,1,1,1,1,1,1,1,1,1,1,1,1,1,1,1,1,1,1,1,1,1,1,1,1,1,1,1,0,0,0,0,0,0,0,0,0,0,0,0,0,0,489,520,501,444,356,344,320,277,277,249,240,245,266,489,520,501,444,356,344,320,277,277,249,240,245,266,0,0,0,0,0,0,0,0,0,0,0,0,0
Tract 74.09,0,0,0,0,0,0,0,0,0,0,0,0,1,0,0,0,0,0,0,0,0,0,0,0,0,0,0,0,0,0,0,0,0,0,0,0,0,0,0,0,1,0,0,0,0,0,0,0,0,0,0,0,0,86,0,0,0,0,0,0,0,0,0,0,0,0,0,0,0,0,0,0,0,0,0,0,0,0,0,86,0
Tract 75.02,1,1,1,1,1,1,1,1,1,1,1,1,1,1,1,1,1,1,1,1,1,1,1,1,1,1,1,1,0,0,0,0,0,0,0,0,0,0,0,0,0,0,602,622,567,518,487,415,378,343,368,386,355,391,585,602,622,567,518,487,415,378,343,368,386,355,391,585,0,0,0,0,0,0,0,0,0,0,0,0,0
Tract 75.03,1,1,1,1,1,1,1,1,1,1,1,1,1,1,1,1,1,1,1,1,1,1,1,1,1,1,1,1,0,0,0,0,0,0,0,0,0,0,0,0,0,0,411,413,413,406,352,328,310,282,259,255,256,260,306,411,413,413,406,352,328,310,282,259,255,256,260,306,0,0,0,0,0,0,0,0,0,0,0,0,0
Tract 75.04,0,0,0,0,0,0,0,0,0,0,0,0,0,0,0,0,0,0,0,0,0,0,0,0,0,0,0,0,0,0,0,0,0,0,0,0,0,0,0,0,0,0,0,0,0,0,0,0,0,0,0,0,0,0,0,0,0,0,0,0,0,0,0,0,0,0,0,0,0,0,0,0,0,0,0,0,0,0,0,0,0
Tract 76.01,3,3,3,3,3,3,3,4,3,3,3,3,3,3,3,3,3,3,3,3,3,3,3,3,3,3,3,3,0,0,0,0,0,0,0,1,0,0,0,0,0,0,1475,1455,1420,1422,1520,1474,1542,1486,1414,1420,1369,1320,1474,1475,1455,1420,1422,1520,1474,1443,1486,1414,1420,1369,1320,1474,0,0,0,0,0,0,99,0,0,0,0,0,0
Tract 76.03,1,1,1,1,1,1,1,1,1,1,1,1,1,0,1,1,1,1,1,1,1,1,1,1,1,1,1,0,0,0,0,0,0,0,0,0,0,0,0,0,0,0,557,553,520,459,420,354,285,310,298,321,302,308,0,557,553,520,459,420,354,285,310,298,321,302,308,0,0,0,0,0,0,0,0,0,0,0,0,0,0
Tract 76.04,2,2,2,2,2,2,2,2,2,2,2,2,2,2,2,2,2,2,2,2,2,2,2,2,2,2,2,2,0,0,0,0,0,0,0,0,0,0,0,0,0,0,925,923,925,905,818,767,761,722,754,774,770,742,757,925,923,925,905,818,767,761,722,754,774,770,742,757,0,0,0,0,0,0,0,0,0,0,0,0,0
Tract 76.05,0,0,0,0,0,0,0,0,0,0,0,0,0,0,0,0,0,0,0,0,0,0,0,0,0,0,0,0,0,0,0,0,0,0,0,0,0,0,0,0,0,0,0,0,0,0,0,0,0,0,0,0,0,0,0,0,0,0,0,0,0,0,0,0,0,0,0,0,0,0,0,0,0,0,0,0,0,0,0,0,0
Tract 77.03,2,2,2,2,2,2,2,1,2,2,2,2,2,2,1,1,1,1,1,1,1,0,1,1,1,1,1,1,1,1,1,1,1,1,1,1,1,1,1,1,1,1,553,642,700,699,642,585,329,561,604,621,688,645,637,398,417,402,378,318,258,0,232,267,280,348,304,295,155,225,298,321,324,327,329,329,337,341,340,341,342
Tract 77.07,1,1,1,1,1,1,2,1,2,2,1,1,1,0,1,1,1,1,1,1,1,1,1,1,1,1,1,0,0,0,0,0,0,0,1,0,1,1,0,0,0,0,386,338,321,263,294,323,269,285,277,180,184,178,0,386,338,321,263,294,287,269,227,199,180,184,178,0,0,0,0,0,0,36,0,58,78,0,0,0,0
Tract 77.08,0,0,0,0,0,0,0,0,0,0,0,0,0,0,0,0,0,0,0,0,0,0,0,0,0,0,0,0,0,0,0,0,0,0,0,0,0,0,0,0,0,0,0,0,0,0,0,0,0,0,0,0,0,0,0,0,0,0,0,0,0,0,0,0,0,0,0,0,0,0,0,0,0,0,0,0,0,0,0,0,0
Tract 77.09,0,0,0,0,0,0,0,0,0,0,0,0,0,0,0,0,0,0,0,0,0,0,0,0,0,0,0,0,0,0,0,0,0,0,0,0,0,0,0,0,0,0,0,0,0,0,0,0,0,0,0,0,0,0,0,0,0,0,0,0,0,0,0,0,0,0,0,0,0,0,0,0,0,0,0,0,0,0,0,0,0
Tract 78.03,2,2,2,2,3,3,3,3,2,2,2,2,2,2,1,1,1,1,1,1,1,1,1,1,1,1,1,1,1,1,1,1,2,2,2,2,1,1,1,1,1,1,969,1198,1328,1421,1432,1489,1601,1493,1435,1451,1352,1322,1204,269,266,240,228,205,210,186,227,216,220,242,282,290,700,932,1088,1193,1227,1279,1415,1266,1219,1231,1110,1040,914
Tract 78.04,2,2,2,2,3,3,3,3,3,3,3,2,2,2,1,1,1,1,2,2,2,2,2,2,2,2,2,2,1,1,1,1,1,1,1,1,1,1,1,0,0,0,1115,1090,1059,1553,1571,1456,1250,1321,1319,1233,597,605,760,517,487,453,935,960,854,661,712,713,672,597,605,760,598,603,606,618,611,602,589,609,606,561,0,0,0
Tract 78.06,4,4,3,3,3,3,3,3,4,4,4,3,3,2,2,2,2,2,2,2,2,2,3,3,3,2,2,1,2,2,1,1,1,1,1,1,1,1,1,1,1,1,1030,975,1096,1004,898,966,1005,1311,1147,993,812,740,473,785,749,757,637,496,557,551,838,679,604,453,442,274,245,226,339,367,402,409,454,473,468,389,359,298,199
Tract 78.07,4,4,4,4,4,4,4,4,3,2,2,3,3,3,4,4,4,4,4,4,4,4,3,2,2,3,3,3,0,0,0,0,0,0,0,0,0,0,0,0,0,0,1552,1623,1460,1426,1451,1601,1577,1039,506,540,1359,1231,1284,1552,1623,1460,1426,1451,1601,1577,1039,506,540,1359,1231,1284,0,0,0,0,0,0,0,0,0,0,0,0,0
Tract 78.08,1,1,1,2,2,2,1,1,2,2,2,3,4,4,1,1,1,2,1,1,0,0,0,0,0,0,0,0,0,0,0,0,1,1,1,1,2,2,2,3,4,4,321,259,444,326,388,161,187,390,416,486,1108,1205,1216,321,259,444,250,270,0,0,0,0,0,0,0,0,0,0,0,76,118,161,187,390,416,486,1108,1205,1216
Tract 78.09,1,1,1,1,1,1,1,1,0,0,0,0,0,0,1,1,1,1,1,1,1,1,0,0,0,0,0,0,0,0,0,0,0,0,0,0,0,0,0,0,0,0,512,463,485,402,349,247,162,0,0,0,0,0,0,512,463,485,402,349,247,162,0,0,0,0,0,0,0,0,0,0,0,0,0,0,0,0,0,0,0
Tract 79.01,2,2,2,2,2,2,2,2,1,1,1,1,1,1,2,2,2,2,2,2,2,2,1,1,1,1,1,1,0,0,0,0,0,0,0,0,0,0,0,0,0,0,1041,990,968,908,822,802,759,483,493,492,469,475,426,1041,990,968,908,822,802,759,483,493,492,469,475,426,0,0,0,0,0,0,0,0,0,0,0,0,0
Tract 79.03,1,1,1,1,1,1,1,1,2,2,2,2,2,2,0,0,0,0,0,0,0,0,0,0,0,0,0,0,1,1,1,1,1,1,1,1,2,2,2,2,2,2,757,691,748,705,707,764,744,729,605,764,799,845,824,0,0,0,0,0,0,0,0,0,0,0,0,0,757,691,748,705,707,764,744,729,605,764,799,845,824
Tract 80.01,1,2,1,2,2,2,2,1,1,1,1,1,1,1,0,0,0,0,0,0,0,0,0,0,0,0,0,0,1,2,1,2,2,2,2,1,1,1,1,1,1,1,445,88,657,496,477,364,297,316,319,373,359,415,376,0,0,0,0,0,0,0,0,0,0,0,0,0,445,88,657,496,477,364,297,316,319,373,359,415,376
Tract 80.02,5,5,4,3,4,4,4,3,4,3,4,3,3,3,5,5,4,3,3,3,3,3,4,3,4,3,3,3,0,0,0,0,1,1,1,0,0,0,0,0,0,0,1856,1513,1472,1710,1434,1408,1192,1089,882,946,943,1102,1414,1856,1513,1472,1558,1234,1147,1192,1089,882,946,943,1102,1414,0,0,0,152,200,261,0,0,0,0,0,0,0
Tract 81,0,0,0,0,0,0,0,0,0,0,0,1,1,1,0,0,0,0,0,0,0,0,0,0,0,0,0,0,0,0,0,0,0,0,0,0,0,0,0,1,1,1,0,0,0,0,0,0,0,0,0,0,60,61,63,0,0,0,0,0,0,0,0,0,0,0,0,0,0,0,0,0,0,0,0,0,0,0,60,61,63
Tract 82,2,2,2,2,2,2,2,2,2,2,2,2,1,1,2,2,2,2,2,2,2,2,2,2,2,2,1,1,0,0,0,0,0,0,0,0,0,0,0,0,0,0,219,224,242,231,238,236,252,236,231,233,234,230,228,219,224,242,231,238,236,252,236,231,233,234,230,228,0,0,0,0,0,0,0,0,0,0,0,0,0
Tract 83.01,1,1,2,1,1,1,1,2,2,1,1,2,3,2,1,1,2,1,1,1,1,2,2,1,1,2,3,2,0,0,0,0,0,0,0,0,0,0,0,0,0,0,397,662,405,386,389,388,791,817,410,427,614,721,705,397,662,405,386,389,388,791,817,410,427,614,721,705,0,0,0,0,0,0,0,0,0,0,0,0,0
Tract 83.02,1,1,1,1,1,1,1,1,1,1,1,1,1,1,1,1,1,1,1,1,1,1,1,1,1,1,1,1,0,0,0,0,0,0,0,0,0,0,0,0,0,0,279,278,271,263,261,239,210,174,193,225,258,263,299,279,278,271,263,261,239,210,174,193,225,258,263,299,0,0,0,0,0,0,0,0,0,0,0,0,0
Tract 84.02,1,0,0,0,1,1,1,1,1,1,1,1,1,1,1,0,0,0,1,1,1,1,1,1,1,1,1,1,0,0,0,0,0,0,0,0,0,0,0,0,0,0,0,0,0,83,82,128,134,134,111,86,100,83,205,0,0,0,83,82,128,134,134,111,86,100,83,205,0,0,0,0,0,0,0,0,0,0,0,0,0
Tract 84.10,0,0,0,0,0,0,0,0,0,0,0,0,0,0,0,0,0,0,0,0,0,0,0,0,0,0,0,0,0,0,0,0,0,0,0,0,0,0,0,0,0,0,0,0,0,0,0,0,0,0,0,0,0,0,0,0,0,0,0,0,0,0,0,0,0,0,0,0,0,0,0,0,0,0,0,0,0,0,0,0,0
Tract 87.01,3,3,2,2,3,4,4,4,4,3,3,2,2,4,1,1,1,1,2,2,2,2,2,2,2,2,2,4,2,2,1,1,1,2,2,2,2,1,1,0,0,0,1069,941,1051,1396,1684,1810,1882,1892,1709,1691,1045,1114,1156,384,367,354,661,846,996,1032,1119,968,942,1045,1114,1156,685,574,697,735,838,814,850,773,741,749,0,0,0
Tract 87.02,0,0,0,0,0,0,0,0,0,0,0,0,0,1,0,0,0,0,0,0,0,0,0,0,0,0,0,0,0,0,0,0,0,0,0,0,0,0,0,0,0,1,0,0,0,0,0,0,0,0,0,0,0,0,0,0,0,0,0,0,0,0,0,0,0,0,0,0,0,0,0,0,0,0,0,0,0,0,0,0,0
Tract 88.02,1,1,1,0,0,0,0,0,1,2,2,2,2,2,1,1,1,0,0,0,0,0,0,1,1,1,1,1,0,0,0,0,0,0,0,0,1,1,1,1,1,1,365,349,0,0,0,0,0,219,645,688,690,695,668,365,349,0,0,0,0,0,0,447,460,475,465,442,0,0,0,0,0,0,0,219,198,228,215,230,226
Tract 88.03,2,2,2,2,3,3,3,3,3,3,3,2,2,1,2,2,2,2,2,3,3,3,3,3,3,2,2,1,0,0,0,0,1,0,0,0,0,0,0,0,0,0,308,253,265,291,543,421,424,186,180,173,90,99,89,308,253,265,69,543,421,424,186,180,173,90,99,89,0,0,0,222,0,0,0,0,0,0,0,0,0
Tract 88.04,1,1,1,1,1,1,1,1,1,0,0,0,0,2,1,1,1,1,1,1,1,1,1,0,0,0,0,0,0,0,0,0,0,0,0,0,0,0,0,0,0,2,559,533,492,463,384,379,372,347,0,0,0,0,304,559,533,492,463,384,379,372,347,0,0,0,0,0,0,0,0,0,0,0,0,0,0,0,0,0,304
Tract 89.03,0,0,0,0,0,0,0,0,0,0,0,0,0,0,0,0,0,0,0,0,0,0,0,0,0,0,0,0,0,0,0,0,0,0,0,0,0,0,0,0,0,0,0,0,0,0,0,0,0,0,0,0,0,0,0,0,0,0,0,0,0,0,0,0,0,0,0,0,0,0,0,0,0,0,0,0,0,0,0,0,0
Tract 89.04,5,6,6,6,6,6,6,6,4,4,4,4,4,2,5,6,6,6,6,6,6,6,4,4,4,4,4,2,0,0,0,0,0,0,0,0,0,0,0,0,0,0,1738,1717,1725,1663,1428,1366,1194,1308,1463,1430,1325,1202,668,1738,1717,1725,1663,1428,1366,1194,1308,1463,1430,1325,1202,668,0,0,0,0,0,0,0,0,0,0,0,0,0
Tract 90,1,1,1,1,1,1,1,1,1,1,1,1,1,0,1,1,1,1,1,1,1,1,1,1,1,1,1,0,0,0,0,0,0,0,0,0,0,0,0,0,0,0,348,338,324,316,343,256,236,194,114,139,161,158,0,348,338,324,316,343,256,236,194,114,139,161,158,0,0,0,0,0,0,0,0,0,0,0,0,0,0
Tract 91.02,0,0,0,0,0,0,0,0,0,0,0,0,0,0,0,0,0,0,0,0,0,0,0,0,0,0,0,0,0,0,0,0,0,0,0,0,0,0,0,0,0,0,0,0,0,0,0,0,0,0,0,0,0,0,0,0,0,0,0,0,0,0,0,0,0,0,0,0,0,0,0,0,0,0,0,0,0,0,0,0,0
Tract 92.01,0,0,0,0,1,0,1,1,1,1,1,1,1,1,0,0,0,0,0,0,0,0,0,0,0,0,0,0,0,0,0,0,1,0,1,1,1,1,1,1,1,1,0,0,0,156,0,305,389,408,400,415,425,432,451,0,0,0,0,0,0,0,0,0,0,0,0,0,0,0,0,156,0,305,389,408,400,415,425,432,451
Tract 92.03,0,0,0,0,0,0,0,0,0,0,0,0,0,0,0,0,0,0,0,0,0,0,0,0,0,0,0,0,0,0,0,0,0,0,0,0,0,0,0,0,0,0,0,0,0,0,0,0,0,0,0,0,0,0,0,0,0,0,0,0,0,0,0,0,0,0,0,0,0,0,0,0,0,0,0,0,0,0,0,0,0
Tract 92.04,1,1,1,1,2,3,4,5,5,5,5,4,3,3,1,1,1,1,1,1,1,1,1,1,1,0,0,0,0,0,0,0,1,2,3,4,4,4,4,4,3,3,371,368,307,430,661,837,1151,1289,1277,1055,949,1129,1149,371,368,307,277,240,228,174,167,146,163,0,0,0,0,0,0,153,421,609,977,1122,1131,892,949,1129,1149
Tract 93.01,2,2,2,1,1,1,2,3,3,2,2,2,2,2,2,2,2,1,1,1,2,2,1,1,1,1,1,1,0,0,0,0,0,0,0,1,2,1,1,1,1,1,744,733,395,329,229,475,500,519,601,560,620,732,737,744,733,395,329,229,475,440,337,336,277,293,366,364,0,0,0,0,0,0,60,182,265,283,327,366,373
Tract 93.02,0,0,0,0,2,1,1,1,1,1,1,1,1,1,0,0,0,0,2,1,1,1,1,1,1,1,1,1,0,0,0,0,0,0,0,0,0,0,0,0,0,0,0,0,0,317,270,281,251,335,379,412,352,282,305,0,0,0,317,270,281,251,335,379,412,352,282,305,0,0,0,0,0,0,0,0,0,0,0,0,0
Tract 94,3,3,4,5,5,3,3,3,1,1,1,2,2,3,3,3,4,4,4,3,3,3,1,1,1,1,1,1,0,0,0,1,1,0,0,0,0,0,0,1,1,2,399,784,744,740,408,345,348,273,316,335,1232,1233,1093,399,784,688,681,408,345,348,273,316,335,296,283,278,0,0,56,59,0,0,0,0,0,0,936,950,815
Tract 95.01,1,1,1,1,1,1,0,0,0,0,0,0,1,1,0,0,0,0,0,0,0,0,0,0,0,0,0,0,1,1,1,1,1,1,0,0,0,0,0,0,1,1,37,41,39,49,37,0,0,0,0,0,0,439,511,0,0,0,0,0,0,0,0,0,0,0,0,0,37,41,39,49,37,0,0,0,0,0,0,439,511
Tract 95.03,1,1,1,1,1,2,2,2,2,2,1,2,2,1,1,1,1,1,1,1,1,1,1,1,1,1,1,1,0,0,0,0,0,1,1,1,1,1,0,1,1,0,409,421,329,264,350,344,379,469,449,0,383,439,249,409,421,329,264,269,246,269,386,359,0,304,274,249,0,0,0,0,81,98,110,83,90,0,79,165,0
Tract 95.04,1,1,1,1,1,1,1,1,3,3,4,4,2,2,1,1,1,1,1,1,1,1,0,0,0,0,0,0,0,0,0,0,0,0,0,0,3,3,4,4,2,2,356,352,300,272,246,254,246,680,793,945,1187,732,771,356,352,300,272,246,254,246,0,0,0,0,0,0,0,0,0,0,0,0,0,680,793,945,1187,732,771
Tract 95.05,1,1,1,1,1,1,1,3,4,2,1,1,1,2,1,1,1,1,1,0,0,0,0,0,0,0,0,0,0,0,0,0,0,1,1,3,4,2,1,1,1,2,7,14,23,20,113,221,461,735,594,363,407,392,453,7,14,23,20,0,0,0,0,0,0,0,0,0,0,0,0,0,113,221,461,735,594,363,407,392,453
Tract 95.07,1,1,1,1,1,1,1,1,1,1,1,1,1,1,1,1,1,1,1,1,1,1,1,1,1,1,1,1,0,0,0,0,0,0,0,0,0,0,0,0,0,0,344,309,302,315,255,268,268,344,311,300,290,288,342,344,309,302,315,255,268,268,344,311,300,290,288,342,0,0,0,0,0,0,0,0,0,0,0,0,0
Tract 95.08,2,2,3,2,3,3,3,3,2,2,2,2,2,2,2,2,2,2,2,2,2,2,1,1,1,1,1,1,0,0,1,0,1,1,1,1,1,1,1,1,1,1,688,1112,656,927,704,610,608,452,336,404,447,376,350,688,727,656,477,365,306,238,100,93,83,109,96,62,0,385,0,450,339,304,370,352,243,321,338,280,288
Tract 95.09,0,0,0,0,0,0,0,0,0,0,0,0,0,0,0,0,0,0,0,0,0,0,0,0,0,0,0,0,0,0,0,0,0,0,0,0,0,0,0,0,0,0,0,0,0,0,0,0,0,0,0,0,0,0,0,0,0,0,0,0,0,0,0,0,0,0,0,0,0,0,0,0,0,0,0,0,0,0,0,0,0
Tract 96.01,1,1,1,1,1,1,1,1,1,1,1,1,1,0,1,1,1,1,1,1,1,1,1,1,1,1,1,0,0,0,0,0,0,0,0,0,0,0,0,0,0,0,388,379,380,336,298,263,249,198,185,178,178,147,0,388,379,380,336,298,263,249,198,185,178,178,147,0,0,0,0,0,0,0,0,0,0,0,0,0,0
Tract 96.02,1,1,1,1,1,2,2,2,2,2,2,2,2,2,1,1,1,1,1,1,1,1,1,1,1,1,1,1,0,0,0,0,0,1,1,1,1,1,1,1,1,1,422,376,386,382,857,1037,1009,967,975,949,909,1021,1092,422,376,386,382,341,320,287,239,250,236,235,312,414,0,0,0,0,516,717,722,728,725,713,674,709,678
Tract 96.03,1,1,1,1,1,1,1,1,2,2,2,2,1,2,1,1,1,1,1,1,1,1,0,0,0,0,0,0,0,0,0,0,0,0,0,0,2,2,2,2,1,2,272,236,225,206,177,178,162,275,406,460,457,431,506,272,236,225,206,177,178,162,0,0,0,0,0,0,0,0,0,0,0,0,0,275,406,460,457,431,506
Tract 96.04,1,1,1,1,1,1,1,1,1,1,1,1,0,0,1,1,1,1,1,1,1,1,1,1,1,1,0,0,0,0,0,0,0,0,0,0,0,0,0,0,0,0,262,264,251,239,249,246,184,186,148,142,137,0,0,262,264,251,239,249,246,184,186,148,142,137,0,0,0,0,0,0,0,0,0,0,0,0,0,0,0
Tract 97,0,0,0,1,1,2,3,2,2,2,2,2,2,2,0,0,0,1,1,1,1,0,0,0,0,0,0,0,0,0,0,0,0,1,2,2,2,2,2,2,2,2,0,0,34,18,146,164,157,186,225,227,248,248,263,0,0,34,18,40,50,0,0,0,0,0,0,0,0,0,0,0,106,114,157,186,225,227,248,248,263
Tract 98.01,2,2,2,2,2,2,2,2,3,3,3,3,2,1,2,2,2,2,2,2,2,2,2,1,1,1,1,0,0,0,0,0,0,0,0,0,1,2,2,2,1,1,670,626,528,443,397,405,387,421,542,623,644,530,382,670,626,528,443,397,405,387,356,359,318,239,215,0,0,0,0,0,0,0,0,65,183,305,405,315,382
Tract 98.02,0,0,0,0,0,0,0,0,0,0,0,0,0,0,0,0,0,0,0,0,0,0,0,0,0,0,0,0,0,0,0,0,0,0,0,0,0,0,0,0,0,0,0,0,0,0,0,0,0,0,0,0,0,0,0,0,0,0,0,0,0,0,0,0,0,0,0,0,0,0,0,0,0,0,0,0,0,0,0,0,0
Tract 98.03,2,2,2,2,2,2,2,2,3,3,2,2,2,2,2,2,2,2,2,2,2,2,3,3,2,2,2,2,0,0,0,0,0,0,0,0,0,0,0,0,0,0,1440,1550,1325,1401,1511,1710,2011,1909,1876,1978,1686,1392,1256,1440,1550,1325,1401,1511,1710,2011,1909,1876,1978,1686,1392,1256,0,0,0,0,0,0,0,0,0,0,0,0,0
Tract 98.04,5,6,6,5,5,5,5,5,5,5,5,4,4,4,4,4,4,4,4,4,4,4,4,4,4,4,4,3,1,2,2,1,1,1,1,1,1,1,1,0,0,1,2518,2445,1804,1660,1773,1781,1712,1768,1701,1809,1338,1303,1427,1813,1683,1648,1436,1452,1614,1472,1546,1380,1320,1338,1303,1267,705,762,156,224,321,167,240,222,321,489,0,0,160
Tract 98.07,2,1,1,1,2,2,3,3,3,2,2,2,2,2,2,1,1,1,2,2,2,2,2,2,2,2,2,2,0,0,0,0,0,0,1,1,1,0,0,0,0,0,402,373,312,577,663,758,792,917,706,712,681,674,730,402,373,312,577,663,640,645,783,706,712,681,674,730,0,0,0,0,0,118,147,134,0,0,0,0,0
Tract 98.10,1,2,2,2,1,1,1,1,0,0,0,0,1,2,1,2,2,2,1,1,1,1,0,0,0,0,0,0,0,0,0,0,0,0,0,0,0,0,0,0,1,2,1107,1239,1200,757,669,636,527,0,0,0,0,310,438,1107,1239,1200,757,669,636,527,0,0,0,0,0,0,0,0,0,0,0,0,0,0,0,0,0,310,438
Tract 98.11,1,1,1,1,1,1,1,2,2,2,2,1,1,1,1,1,1,1,1,1,1,1,1,1,1,1,1,1,0,0,0,0,0,0,0,1,1,1,1,0,0,0,537,405,348,379,312,242,269,387,462,589,341,339,521,537,405,348,379,312,242,205,291,329,364,341,339,521,0,0,0,0,0,0,64,96,133,225,0,0,0
Tract 99.01,1,1,1,1,1,2,2,3,2,2,2,2,2,1,1,1,1,1,1,1,1,1,1,1,1,1,1,1,0,0,0,0,0,1,1,2,1,1,1,1,1,0,472,452,412,368,525,475,574,478,469,443,467,440,330,472,452,412,368,331,341,321,308,303,309,313,289,330,0,0,0,0,194,134,253,170,166,134,154,151,0
Tract 99.02,0,0,0,0,0,0,0,0,0,0,0,0,0,0,0,0,0,0,0,0,0,0,0,0,0,0,0,0,0,0,0,0,0,0,0,0,0,0,0,0,0,0,0,0,0,0,0,0,0,0,0,0,0,0,0,0,0,0,0,0,0,0,0,0,0,0,0,0,0,0,0,0,0,0,0,0,0,0,0,0,0
Tract 99.03,1,1,1,2,2,2,0,1,1,1,1,0,1,1,1,1,1,2,2,2,0,1,1,1,1,0,0,0,0,0,0,0,0,0,0,0,0,0,0,0,1,1,263,191,443,324,238,0,211,102,70,144,0,183,299,263,191,443,324,238,0,211,102,70,144,0,0,0,0,0,0,0,0,0,0,0,0,0,0,183,299
Tract 99.04,2,2,2,2,2,2,1,2,2,3,3,1,1,1,2,2,2,2,2,2,1,1,2,3,3,1,1,1,0,0,0,0,0,0,0,1,0,0,0,0,0,0,931,894,817,777,746,421,454,471,897,371,327,335,369,931,894,817,777,746,421,382,471,897,371,327,335,369,0,0,0,0,0,0,72,0,0,0,0,0,0
Tract 99.05,1,1,1,1,1,1,1,1,1,1,1,1,1,1,1,1,1,1,1,1,1,1,1,1,1,1,1,1,0,0,0,0,0,0,0,0,0,0,0,0,0,0,562,530,500,435,401,355,310,220,214,202,224,265,269,562,530,500,435,401,355,310,220,214,202,224,265,269,0,0,0,0,0,0,0,0,0,0,0,0,0
Tract 99.06,1,1,1,1,1,1,1,1,1,1,1,1,1,1,1,1,1,1,1,1,1,1,1,1,1,1,1,1,0,0,0,0,0,0,0,0,0,0,0,0,0,0,374,353,354,315,297,283,235,226,214,222,220,263,416,374,353,354,315,297,283,235,226,214,222,220,263,416,0,0,0,0,0,0,0,0,0,0,0,0,0
Tract 99.07,0,0,0,0,0,0,0,0,2,3,3,3,3,3,0,0,0,0,0,0,0,0,0,0,0,0,0,0,0,0,0,0,0,0,0,0,2,3,3,3,3,3,0,0,0,0,0,0,0,521,720,900,1032,1044,1046,0,0,0,0,0,0,0,0,0,0,0,0,0,0,0,0,0,0,0,0,521,720,900,1032,1044,1046
Tract 101,1,1,0,1,1,1,1,1,1,1,1,1,1,1,1,1,0,1,1,1,1,1,1,1,1,1,1,1,0,0,0,0,0,0,0,0,0,0,0,0,0,0,294,0,281,264,292,343,395,352,398,374,327,300,289,294,0,281,264,292,343,395,352,398,374,327,300,289,0,0,0,0,0,0,0,0,0,0,0,0,0
Tract 102,2,3,2,2,2,3,3,4,4,4,4,5,4,4,2,2,2,2,2,2,2,2,2,2,2,3,2,2,0,1,0,0,0,1,1,2,2,2,2,2,2,2,1536,1316,1194,1143,999,926,705,837,701,625,598,656,720,1317,1316,1194,1143,963,890,633,765,629,546,517,572,641,219,0,0,0,36,36,72,72,72,79,81,84,79
Tract 103,1,1,1,1,1,1,1,1,1,1,1,1,1,1,1,1,1,1,1,1,1,1,1,1,1,1,1,1,0,0,0,0,0,0,0,0,0,0,0,0,0,0,447,441,424,398,415,398,294,308,303,322,306,366,442,447,441,424,398,415,398,294,308,303,322,306,366,442,0,0,0,0,0,0,0,0,0,0,0,0,0
Tract 104,0,0,0,1,1,1,1,1,2,3,3,4,4,4,0,0,0,0,0,0,0,0,0,0,0,0,0,0,0,0,0,1,1,1,1,1,2,3,3,4,4,4,0,0,694,650,352,367,513,777,836,991,1722,1785,1660,0,0,0,0,0,0,0,0,0,0,0,0,0,0,0,694,650,352,367,513,777,836,991,1722,1785,1660
Tract 105,1,1,1,1,1,1,1,1,0,0,0,0,0,0,1,1,1,1,1,1,1,1,0,0,0,0,0,0,0,0,0,0,0,0,0,0,0,0,0,0,0,0,324,294,298,278,252,232,219,0,0,0,0,0,0,324,294,298,278,252,232,219,0,0,0,0,0,0,0,0,0,0,0,0,0,0,0,0,0,0,0
Tract 106,3,3,3,3,1,1,1,2,1,1,1,3,3,3,1,1,1,1,1,1,1,1,1,1,1,1,1,1,2,2,2,2,0,0,0,1,0,0,0,2,2,2,695,686,786,379,355,319,685,335,327,365,833,910,949,452,414,414,379,355,319,360,335,327,365,382,408,433,243,272,372,0,0,0,325,0,0,0,451,502,516
Tract 107,2,2,2,2,2,3,3,2,1,1,1,0,0,0,1,1,1,1,1,1,1,1,0,0,0,0,0,0,1,1,1,1,1,2,2,1,1,1,1,0,0,0,425,445,403,384,477,486,356,146,166,145,0,0,0,324,328,283,266,251,236,231,0,0,0,0,0,0,101,117,120,118,226,250,125,146,166,145,0,0,0
Tract 108,1,1,1,1,1,1,1,0,0,1,1,1,1,1,1,1,1,1,1,1,1,0,0,1,1,1,1,1,0,0,0,0,0,0,0,0,0,0,0,0,0,0,328,326,323,338,338,347,0,0,458,468,527,548,585,328,326,323,338,338,347,0,0,458,468,527,548,585,0,0,0,0,0,0,0,0,0,0,0,0,0
Tract 109,0,0,0,0,0,0,0,0,0,0,0,0,0,0,0,0,0,0,0,0,0,0,0,0,0,0,0,0,0,0,0,0,0,0,0,0,0,0,0,0,0,0,0,0,0,0,0,0,0,0,0,0,0,0,0,0,0,0,0,0,0,0,0,0,0,0,0,0,0,0,0,0,0,0,0,0,0,0,0,0,0
Tract 110,0,0,0,0,0,0,0,0,0,0,0,0,0,0,0,0,0,0,0,0,0,0,0,0,0,0,0,0,0,0,0,0,0,0,0,0,0,0,0,0,0,0,0,0,0,0,0,0,0,0,0,0,0,0,0,0,0,0,0,0,0,0,0,0,0,0,0,0,0,0,0,0,0,0,0,0,0,0,0,0,0
Tract 111,2,2,3,3,3,5,5,4,5,4,4,4,4,4,1,1,1,1,1,2,2,1,1,1,1,1,1,1,1,1,2,2,2,3,3,3,4,3,3,3,3,3,798,1090,1192,1353,1740,1748,1746,1756,1595,1595,1552,1495,1499,404,387,403,421,499,467,402,433,419,414,404,350,349,394,703,789,932,1241,1281,1344,1323,1176,1181,1148,1145,1150
,,,,,,,,,,,,,,,,,,,,,,,,,,,,,,,,,,,,,,,,,,,,,,,,,,,,,,,,,,,,,,,,,,,,,,,,,,,,,,,,,
